"","logFC","AveExpr","t","P.Value","adj.P.Val","B","GeneSymbol"
"227084_at",5056.87919257377,5974.72714957764,7.72896323097069,1.12918187778262e-12,2.93990567465546e-10,2.55642698172763,"DTNA"
"209258_s_at",331.06864963777,505.488023764596,7.14498675572157,3.00750845206966e-11,3.80476464757949e-09,1.71314459833904,"SMC3"
"226675_s_at",9435.82002278623,12791.6908217019,7.05281256140691,4.99333177498585e-11,5.73551291591074e-09,1.58084109015501,"MALAT1"
"206826_at",1983.78468301377,2479.88578381366,6.96464235414757,8.08530312372503e-11,8.63406149003254e-09,1.45457024466925,"PMP2"
"230629_s_at",465.364458097656,599.877920504969,6.95325433087526,8.60270357657426e-11,9.11536469087592e-09,1.43828303222419,"EP400"
"242239_at",815.334527047541,1108.16648975155,6.91238233620235,1.07432861315443e-10,1.10619429235817e-08,1.37987100487332,"NSUN6"
"223134_at",562.943620695835,941.324419382609,6.86858756329942,1.3621423898711e-10,1.32282655712615e-08,1.31735963782642,"BBX"
"234969_s_at",662.458763952458,1195.43660892547,6.84898324826734,1.51446848537001e-10,1.42274165700352e-08,1.28940400018797,"EPC1"
"205787_x_at",195.155397116066,294.660679134162,6.82173483131758,1.75443689515634e-10,1.59077673702608e-08,1.25057646718546,"ZC3H11A"
"211993_at",387.402911570984,655.718332900621,6.76520710204656,2.37814074037741e-10,2.04120635761593e-08,1.17013692886196,"WNK1"
"224567_x_at",12964.8602125918,23089.129736087,6.63867057784805,4.6759448987958e-10,3.51177592502281e-08,0.990645134823982,"MALAT1"
"226999_at",220.726016422295,390.972595347826,6.52381582912842,8.5872157910736e-10,5.65550654037411e-08,0.82846857177248,"RNPC3"
"1553274_a_at",172.679067723607,266.616760747826,6.5092956862611,9.26936167961548e-10,6.01189027085381e-08,0.808019988322563,"SNRNP48"
"243648_at",116.024230189016,186.89221448882,6.38776449001006,1.75117273094506e-09,9.97347594421052e-08,0.637376270171695,"ZBED6"
"234989_at",1244.60624743459,1235.46093643043,6.34517276891988,2.18512863081672e-09,1.20556920171447e-07,0.577796828472873,"NEAT1"
"234762_x_at",2158.99615651148,3210.19286024845,6.33465363172326,2.30764215669072e-09,1.25168983052644e-07,0.563100808343101,"NLN"
"211921_x_at",3440.6424253,6350.78138465838,6.31314625651641,2.57952616414602e-09,1.37999601785405e-07,0.53307683016273,"PTMA"
"235213_at",358.293465364033,330.153614152795,6.30161368222934,2.73803956828208e-09,1.44779800189384e-07,0.516990618729573,"ITPKB"
"50221_at",128.162625504295,176.417742857764,6.27902183252436,3.07680314815876e-09,1.59303231179527e-07,0.4855052029298,"TFEB"
"226806_s_at",1879.93599640328,2879.26727776398,6.2689707728008,3.24045125089936e-09,1.66828316518759e-07,0.471508948109622,"NFIA"
"225912_at",183.467689333115,252.338898629193,6.18626162011113,4.95485878810561e-09,2.3311265007215e-07,0.356611841773671,"TP53INP1"
"244040_at",126.052372281508,193.996648503106,6.16240754068974,5.5971035016507e-09,2.584642178655e-07,0.323568485993902,"KCNN3"
"225239_at",2977.25582334443,2235.08550613416,6.13963439510053,6.28619684114986e-09,2.84989894104368e-07,0.292062847012708,"NEAT1"
"220796_x_at",2728.97454038033,3917.32417329193,6.11083741202305,7.27775820976458e-09,3.1909497202797e-07,0.252280865678752,"SLC35E1"
"224774_s_at",171.191427277049,347.653558677019,6.09395653609498,7.92877162135752e-09,3.41611968792532e-07,0.228990765675666,"NAV1"
"208610_s_at",3019.18350154571,4262.31987988075,6.08179529116865,8.43285422663647e-09,3.59646103620397e-07,0.212226220976577,"SRRM2"
"208549_x_at",734.75736821541,1387.45857268323,6.07683170871455,8.64751455390344e-09,3.67575166221686e-07,0.205387206847235,"PTMA"
"222620_s_at",763.684543481967,1477.30607068323,6.05517987589592,9.64830945231214e-09,4.01767950727469e-07,0.175577672774861,"DNAJC1"
"217941_s_at",807.781236427869,1214.88667571429,6.05207535160361,9.80082187298911e-09,4.05737076144529e-07,0.171306576972283,"ERBIN"
"206562_s_at",396.696426194754,646.379614658385,6.03915695691937,1.04612474017025e-08,4.28440975047254e-07,0.153542345472428,"CSNK1A1"
"225240_s_at",543.846306283606,824.330866838509,6.03008639472986,1.09508505536279e-08,4.42199227488632e-07,0.141077489063382,"MSI2"
"242579_at",332.338320859017,472.817956844721,6.0233460826612,1.13291617771302e-08,4.54454820370209e-07,0.131819279469898,"BMPR1B"
"217546_at",252.897179610492,356.122387776397,6.01706998477862,1.16929266323862e-08,4.67332429550961e-07,0.123202078009551,"MT1M"
"208623_s_at",549.411437227869,560.425610765217,6.01547510821324,1.17871767322591e-08,4.70411596960778e-07,0.121012803580496,"EZR"
"238851_at",155.016096313934,251.61132147205,6.00934873220622,1.21561961249929e-08,4.81623205169557e-07,0.112605145750101,"ANKRD13A"
"43427_at",549.038993064754,629.15932,6.00069090277154,1.2697083869252e-08,4.9800076079724e-07,0.100728743683434,"ACACB"
"227959_at",122.415101500164,155.308616944099,5.99729259041133,1.2915779059535e-08,5.05852593180571e-07,0.0960688169335873,"ANKRD9"
"212923_s_at",279.443428811476,392.326850776398,5.99438320759644,1.31059412147278e-08,5.11468476741786e-07,0.092080105234289,"PXDC1"
"210640_s_at",148.522766782131,183.683148031056,5.99253623516665,1.32280842782896e-08,5.15499292883451e-07,0.0895483091419553,"GPER1"
"226062_x_at",641.520490319016,946.531499416149,5.99198685190605,1.32646307213746e-08,5.16555330976609e-07,0.0887952801043372,"MINDY1"
"204270_at",151.826162489016,270.796470819876,5.97066233379108,1.47623148163474e-08,5.63244635438794e-07,0.0595859321043557,"SKI"
"31874_at",902.664292385246,1887.54303128571,5.96374044147239,1.52831956523602e-08,5.77876018183122e-07,0.0501129690761504,"GAS2L1"
"214594_x_at",728.738746236066,1106.88923480124,5.94404345035373,1.68659972224851e-08,6.2731183546896e-07,0.0231791708363049,"ATP8B1"
"201502_s_at",503.644213181968,845.98882757764,5.92479167879274,1.85678617224492e-08,6.77702162666829e-07,-0.00311331264477133,"NFKBIA"
"233216_at",74.8391027780328,121.446801150932,5.91357101682937,1.96362436434601e-08,7.07720251289508e-07,-0.0184225981533954,"ZDHHC21"
"236645_at",57.086248156082,77.2303172962733,5.90782107691762,2.02068407126508e-08,7.24940299189097e-07,-0.0262634194570177,"HBP1"
"1558732_at",681.860368806394,1036.49898600621,5.90246755671108,2.0752686706393e-08,7.41560922956564e-07,-0.0335610374595179,"MAP4K4"
"213015_at",232.766098807656,392.928043690062,5.89703203891086,2.13216683922259e-08,7.58959778219368e-07,-0.0409678258994886,"BBX"
"231015_at",412.716909044262,625.16149089441,5.86003820601858,2.56211618757103e-08,8.78818711138306e-07,-0.0913076953160807,"KLF15"
"224227_s_at",212.967303781557,332.593065829193,5.8031200477322,3.39435885549509e-08,1.11262931908989e-06,-0.168515959559357,"BDP1"
"1569302_at",165.211159442951,335.548495360248,5.78693147211297,3.67596464425855e-08,1.18747442124593e-06,-0.190420323466386,"CEP295"
"232215_x_at",2773.47393014098,4352.83432745342,5.76985588423525,3.99777498824192e-08,1.26702009452955e-06,-0.213498010843511,"PRR11"
"225571_at",598.013501356836,791.535527654658,5.7685626801118,4.02324039144098e-08,1.27224215385793e-06,-0.215244647833516,"LIFR"
"227062_at",1776.92971484885,1434.7890148323,5.760002124819,4.1958615500994e-08,1.31692726895341e-06,-0.226802734577608,"NEAT1"
"228686_at",149.590353184967,231.461504465839,5.75545462109494,4.29048724648493e-08,1.33970525529162e-06,-0.232939716841456,"SLC12A2-DT"
"234981_x_at",2455.23127478197,4090.39336434783,5.74371380156697,4.54455446655591e-08,1.39591862617385e-06,-0.248775068741731,"CMBL"
"222380_s_at",1006.12742417049,1660.39295617391,5.7317320744235,4.81899862793555e-08,1.4605252216318e-06,-0.264921587513459,"PDCD6"
"209291_at",1188.69733767377,1534.33101517391,5.72444400723197,4.99379598535665e-08,1.49854992041369e-06,-0.274736118967308,"ID4"
"230496_at",2927.35953393443,6256.56313142857,5.72393351101707,5.00626957332119e-08,1.50064577259504e-06,-0.275423388224641,"AMER2"
"201635_s_at",703.359737404099,1085.48513536025,5.71384242339988,5.25918785447372e-08,1.56700869723897e-06,-0.289003546775882,"FXR1"
"225293_at",263.753684683771,413.647992826087,5.69624520953273,5.73046126871958e-08,1.67379563155736e-06,-0.312661152993089,"COL27A1"
"241627_x_at",122.883846692951,182.957586193789,5.66623477552691,6.6311648200591e-08,1.8886474867873e-06,-0.352936016096233,"ARHGEF40"
"242665_at",290.578862645902,462.095168372671,5.6463218005986,7.30373436294432e-08,2.05080575074439e-06,-0.379609816384511,"FMNL2"
"49452_at",1053.57396542131,1062.89431112112,5.62960127838507,7.91961074845252e-08,2.18248345600626e-06,-0.401976121846629,"ACACB"
"206169_x_at",617.159281828688,867.750388198758,5.61111766431786,8.65955078074535e-08,2.36257953561503e-06,-0.426667445564885,"ZC3H7B"
"211962_s_at",625.271022059016,751.925528987578,5.61095168905646,8.6664919770301e-08,2.36329400919761e-06,-0.426889003727511,"ZFP36L1"
"238058_at",397.034814665574,632.482910881988,5.61067604955363,8.67803141975656e-08,2.36526105620733e-06,-0.427256944920141,"PRR34-AS1"
"238584_at",499.811703928033,898.61985691118,5.60934198326649,8.73409364784289e-08,2.37616456977402e-06,-0.429037630475191,"DRC11"
"214782_at",174.692698013894,303.145522758696,5.5931521841025,9.44330647625258e-08,2.53591739483846e-06,-0.450632718996765,"CTTN"
"1566079_at",136.951822207541,213.411954159627,5.58821531436411,9.67055301223065e-08,2.58551337869785e-06,-0.457212423431072,"RPS16P5"
"227252_at",127.051864864098,188.976262724845,5.57279143524043,1.04154852304103e-07,2.74177493968553e-06,-0.477752410473944,"LRP10"
"237040_at",175.633482552459,362.571784745342,5.55934936687606,1.11101953711003e-07,2.88986646962374e-06,-0.495632753071309,"CWF19L2"
"209225_x_at",1081.27906876393,2102.15847790062,5.5452803201332,1.18857564236238e-07,3.0352813286391e-06,-0.514326530263405,"TNPO1"
"235154_at",137.22046861,285.102640726708,5.53928125141854,1.22323120863716e-07,3.10779514768998e-06,-0.522291163814288,"TAF3"
"201125_s_at",429.017205967213,626.525734298137,5.53601715345351,1.24249983380442e-07,3.1479925121991e-06,-0.526623106381972,"ITGB5"
"214375_at",667.416973386885,1175.50766418012,5.53181791029233,1.26772520289407e-07,3.20151849737797e-06,-0.532194441851852,"PPFIBP1"
"58780_s_at",255.41143668459,420.099105378882,5.51260397049795,1.38966986111679e-07,3.44113223082249e-06,-0.557662219045338,"ARHGEF40"
"215001_s_at",9027.02410890164,16513.8053867081,5.50793375895527,1.42099817165083e-07,3.5083327503078e-06,-0.563846466699606,"GLUL"
"212207_at",185.825517811475,333.143894968944,5.50541520087655,1.43817802811944e-07,3.54359547937948e-06,-0.567180530948797,"MED13L"
"243127_x_at",53.6455287940328,88.2147504018634,5.5010123968158,1.46869921073455e-07,3.60256300345049e-06,-0.573007296407906,"DNASE1"
"229353_s_at",9439.1655002459,21220.5596091925,5.50060871817482,1.47152903445355e-07,3.60788564837434e-06,-0.573541427484161,"NUCKS1"
"232266_x_at",1673.23941481475,3030.91284652174,5.49846970249235,1.48661277764289e-07,3.63834170177373e-06,-0.576371388396386,"CDK13"
"204786_s_at",203.632283007197,425.140235378261,5.49395880408363,1.51891878438757e-07,3.70249150853278e-06,-0.582337757031773,"IFNAR2"
"228038_at",854.81101902623,1453.92163670807,5.48820116316119,1.5611505792085e-07,3.78686370533383e-06,-0.589949896988951,"SOX2"
"212185_x_at",2376.66718840983,3795.71133484472,5.48165237004426,1.61057926508649e-07,3.88899563754389e-06,-0.598603584990756,"MT2A"
"215600_x_at",987.01665980164,1918.24510006211,5.48008450438468,1.62263787005846e-07,3.90715956461148e-06,-0.600674688761557,"FBXW12"
"1559419_at",321.907912384016,426.038621263975,5.47299799345891,1.67824907659133e-07,4.01041382266744e-06,-0.610032372354067,"CACNB2"
"208999_at",231.933441595082,392.604879962733,5.47192058095058,1.68686532275387e-07,4.0292425304311e-06,-0.611454600987866,"SEPTIN8"
"204324_s_at",247.839832777606,291.256958350311,5.4651612358572,1.74191424613788e-07,4.13364415831548e-06,-0.620374277477798,"GOLIM4"
"209295_at",169.343692265246,265.062737970807,5.44443855621957,1.92183336945058e-07,4.48660288107219e-06,-0.647688357868789,"TNFRSF10B"
"203723_at",306.84400591082,406.617334124224,5.4351255378963,2.00847948608659e-07,4.65706598396032e-06,-0.659947968147513,"ITPKB"
"210180_s_at",57.9743550978361,99.2449007,5.43272973451557,2.03137866180136e-07,4.70019586686371e-06,-0.663100213065198,"TRA2B"
"218205_s_at",1661.71297831148,2736.86372299379,5.42593087978867,2.09775801129529e-07,4.83536759138153e-06,-0.672042183628709,"MKNK2"
"228613_at",997.906783390164,1674.63239529193,5.41918036251987,2.16575680326711e-07,4.95043583491009e-06,-0.680915405572083,"RAB11FIP3"
"209153_s_at",300.278929570492,539.141238136646,5.41917737349185,2.16578738310104e-07,4.95043583491009e-06,-0.680919333357599,"TCF3"
"1552507_at",78.3384632468033,74.7719697962733,5.41666718359023,2.19161760790619e-07,4.99902764757075e-06,-0.684217534974986,"KCNE4"
"219392_x_at",990.916044760654,1943.05156583851,5.41101487137767,2.25088558378849e-07,5.10228728414741e-06,-0.69164162758721,"PRR11"
"237475_x_at",1634.72730188033,2696.12382341615,5.39361678115085,2.44329415172741e-07,5.46815831951274e-06,-0.714470458861833,"CCDC152"
"236007_at",306.575337190656,682.004906732919,5.39062937098835,2.47790769685056e-07,5.52888244913598e-06,-0.718386887571387,"AKAP10"
"213693_s_at",63.5133153672951,83.4085225409938,5.39057716154274,2.47851685099813e-07,5.52888244913598e-06,-0.718455323880658,"MUC1"
"231825_x_at",701.611726918033,1464.26691639752,5.39039938365758,2.48059217123509e-07,5.53125517790696e-06,-0.718688353353582,"ATF7IP"
"241954_at",88.6244337666393,175.212651651553,5.38551971909907,2.53822189689258e-07,5.64364710095982e-06,-0.725083148764933,"FDFT1"
"221731_x_at",753.278001390656,1107.2938866646,5.38210338163162,2.57934419044351e-07,5.7164833243818e-06,-0.729558622565589,"VCAN"
"220072_at",164.677628538361,382.120786229814,5.37138582759841,2.71261049933424e-07,5.9622327550215e-06,-0.743590090445214,"CSPP1"
"237560_at",142.683250234279,258.047323988199,5.36697819165104,2.76934376546896e-07,6.05897840644318e-06,-0.749356723475035,"MRPS5"
"214415_at",218.971559014426,386.15331357764,5.36349928954772,2.81493792713483e-07,6.14889057795033e-06,-0.753906673869489,"PLGLB2"
"226022_at",1511.92514114754,2383.34267045342,5.34827337692855,3.0232449448514e-07,6.52054900827418e-06,-0.7738035762627,"SASH1"
"238199_x_at",3706.66285644262,6439.79527267081,5.34493673397329,3.07086156797089e-07,6.60760945410502e-06,-0.778160207701069,"MT-CO3"
"1552735_at",105.05252029,228.137807602484,5.34111088317063,3.12635934468839e-07,6.70854384500934e-06,-0.783153985940992,"PCDHGA4"
"220316_at",287.859342321082,418.910992264596,5.32874826833391,3.31245554362714e-07,7.05525932402858e-06,-0.799278786885631,"NPAS3"
"217576_x_at",60.4116526886884,94.2285810664596,5.31182527997134,3.58479267663341e-07,7.53018843487443e-06,-0.821322453227808,"SOS2"
"36711_at",945.887819536721,934.648139248447,5.30344870397356,3.72754598609543e-07,7.75803489873496e-06,-0.832221065849094,"MAFF"
"223673_at",422.439535065574,531.318318322981,5.30261995725897,3.74196683575651e-07,7.78212387770968e-06,-0.83329887773102,"RFX4"
"1559496_at",205.196608838853,426.154025668944,5.29621382876259,3.85528707542281e-07,7.98089390868808e-06,-0.841627480669995,"PPA2"
"214707_x_at",337.200759346885,739.545402645963,5.28049058820599,4.14777646360153e-07,8.48091541314186e-06,-0.862048357343881,"ALMS1"
"216222_s_at",128.051259397869,201.183154197516,5.2786476186806,4.18344341683843e-07,8.5283284420448e-06,-0.864440000158802,"MYO10"
"1568619_s_at",101.827943276066,155.754926000621,5.27265536506628,4.30148778480824e-07,8.72020187743382e-06,-0.872213377432501,"ITPRIPL2"
"213629_x_at",1460.37300807377,2003.91163459627,5.27085774308011,4.3375281141587e-07,8.78024248950859e-06,-0.87454447239306,"MT1F"
"1558678_s_at",15336.1622071557,33489.1415076398,5.26955129785122,4.36390521616823e-07,8.81871968857053e-06,-0.876238380150173,"MALAT1"
"1559060_a_at",60.1087052652459,124.898370158385,5.26819818870658,4.39138909838693e-07,8.85321530067497e-06,-0.877992572933766,"FNIP1"
"1559402_a_at",309.631973374754,327.583487270186,5.26684437776585,4.41905587721106e-07,8.89587187358301e-06,-0.879747453037166,"MIR9-1HG"
"1570210_x_at",123.304159730984,222.594355574534,5.26324267740123,4.49348998122923e-07,9.01252988714997e-06,-0.884415079590883,"PPP6R2"
"227802_at",236.161586554099,522.874728496894,5.25005938922594,4.77649520432295e-07,9.46556271461968e-06,-0.901486489986149,"RUFY3"
"224975_at",269.796742664099,451.378407807453,5.24979611556396,4.78231999097534e-07,9.4673714631597e-06,-0.901827194217476,"NFIA"
"216804_s_at",54.9164751218033,60.7392216850932,5.2444573952451,4.90193912475193e-07,9.65814492417339e-06,-0.908734236664534,"PDLIM5"
"1569482_at",75.2203353570491,140.113725413665,5.24433371358231,4.90474456379795e-07,9.6601912473218e-06,-0.908894210095721,"TNRC6C"
"239831_at",136.795089521902,234.344656867081,5.23989873495612,5.00638133816527e-07,9.82145316340818e-06,-0.914629298375605,"TMEM106C"
"230258_at",86.5491369213115,141.240675980124,5.23752983543734,5.06150655691889e-07,9.90117606438427e-06,-0.917691648120215,"GLIS3"
"239179_at",446.006524388197,491.898959947205,5.22791316878437,5.29142032638912e-07,1.02664445118994e-05,-0.930116311873288,"CAMK2G"
"238049_at",229.419344619344,302.923879701863,5.22776453219425,5.29505247660674e-07,1.02698472564198e-05,-0.930308259720286,"GRAMD2B"
"219134_at",48.9608121080984,72.0080066490683,5.21610671829484,5.58761408481567e-07,1.07457896618817e-05,-0.945354529347431,"ADGRL4"
"202133_at",200.279588727869,259.750117751553,5.21296657502304,5.66907018095147e-07,1.08604208880001e-05,-0.949404503611471,"WWTR1"
"225368_at",2512.47578833934,3546.33044627329,5.21072654623941,5.72788200264545e-07,1.09500681291832e-05,-0.952292813286707,"HIPK2"
"211493_x_at",56.2572467354098,102.276040801242,5.2055357745195,5.86645634282989e-07,1.11525904222609e-05,-0.958983431164027,"DTNA"
"222364_at",124.144983123525,208.763557481366,5.20482982022675,5.8855528800832e-07,1.11745551134809e-05,-0.959893107746424,"SLC44A1"
"221950_at",326.267038451639,499.369680540373,5.204813589899,5.88599263181098e-07,1.11745551134809e-05,-0.959914021044919,"EMX2"
"212027_at",3983.99120071967,6575.1425022795,5.1980916098154,6.07089620659457e-07,1.14734272414642e-05,-0.9685726795158,"RBM25"
"244669_at",61.8335779381968,121.243121721739,5.18902279669958,6.32933276411004e-07,1.18730124270536e-05,-0.980245356688731,"SNORD50A"
"1316_at",363.881346754098,644.017794099379,5.18029212986123,6.58822733642625e-07,1.2272958419731e-05,-0.991473037411288,"THRA"
"224568_x_at",1855.39290291197,2905.03760703727,5.17164357806915,6.85482991443177e-07,1.26574746900222e-05,-1.00258564204638,"MALAT1"
"206461_x_at",865.655376095082,1447.12260034783,5.16942981070453,6.92474120912226e-07,1.27435282937987e-05,-1.00542861216885,"MT1H"
"201976_s_at",804.945855059016,1264.45925414286,5.16508680990984,7.0639144477361e-07,1.29430134862591e-05,-1.0110041880195,"MYO10"
"214722_at",1486.46642481803,2424.38706139752,5.15914033617575,7.25889143454439e-07,1.32514153316766e-05,-1.01863443101621,"NOTCH2NLA"
"220609_at",930.884462857705,1021.91472442733,5.1588117065598,7.26981801561782e-07,1.32669325768993e-05,-1.01905598243658,"SIMC1P1"
"208835_s_at",2733.97560982623,5812.86593236025,5.15817598388903,7.29100052360351e-07,1.32922792140054e-05,-1.01987142013525,"LUC7L3"
"202443_x_at",774.558474793442,1008.69073997516,5.15096243473108,7.535602564093e-07,1.36426844434366e-05,-1.0291205906298,"NOTCH2"
"217028_at",245.471645351967,255.476723085093,5.14931024501091,7.59273917408098e-07,1.37279435959946e-05,-1.03123808445177,"CXCR4"
"235327_x_at",700.678973532788,1611.01109335404,5.13957916917088,7.93790749701079e-07,1.4243277944862e-05,-1.04370262819037,"UBXN2A"
"35666_at",457.152052186885,584.115493242236,5.13193125426136,8.21984494835226e-07,1.46343218023823e-05,-1.0534903283663,"SEMA3F"
"212377_s_at",551.891062711475,701.14286063354,5.13101180734258,8.25438853342567e-07,1.46799747068221e-05,-1.05466651807339,"NOTCH2"
"203445_s_at",338.280986867214,870.533625236025,5.12590269039251,8.44892373998936e-07,1.49739029330281e-05,-1.06120030167678,"CTDSP2"
"201924_at",495.348542859017,1122.15039993789,5.11266785784974,8.97380887275138e-07,1.57509791370042e-05,-1.07810996508563,"AFF1"
"225878_at",157.061087463279,311.006488670807,5.10702760719032,9.20700666304564e-07,1.6103425761421e-05,-1.08530941172901,"KIF1B"
"235537_at",112.31879557377,179.682010990683,5.10378797072018,9.34360196910698e-07,1.63058230980186e-05,-1.08944274709797,"OCIAD1"
"201579_at",547.868704722951,852.162204322981,5.09894775089991,9.55135982566624e-07,1.66206428538607e-05,-1.09561566328126,"FAT1"
"213005_s_at",289.148811965574,588.88769631677,5.09742487968992,9.6176497218984e-07,1.6704097793672e-05,-1.09755720716429,"KANK1"
"220081_x_at",226.03848767459,553.457467670807,5.0941294077414,9.76263410809156e-07,1.69236531344295e-05,-1.10175764455312,"HSD17B7"
"201368_at",359.762821305738,549.909141857143,5.09259372294376,9.83091985131988e-07,1.70150535888229e-05,-1.10371455719362,"ZFP36L2"
"240830_at",53.7304209687869,93.1304309459627,5.08723875901041,1.00726832351405e-06,1.7367516741763e-05,-1.11053593740294,"SCARNA17"
"215645_at",96.6790014336064,151.470477429814,5.08673457221706,1.00957412944597e-06,1.73914434966976e-05,-1.11117799849253,"FLCN"
"220113_x_at",234.085976591803,504.474378024845,5.08672667805894,1.00961027267523e-06,1.73914434966976e-05,-1.11118805111245,"POLR1B"
"61874_at",108.131557842623,238.93537384472,5.07505834350557,1.06443071773565e-06,1.81422839144027e-05,-1.12603785939635,"CACFD1"
"52255_s_at",177.112402468197,326.406523888199,5.07325966429068,1.0731345342215e-06,1.82670082996763e-05,-1.12832537136036,"COL5A3"
"224414_s_at",40.8625672608197,60.5241843086957,5.06382357861331,1.11994058785956e-06,1.88931661959955e-05,-1.14031893886942,"CARD6"
"215789_s_at",455.324995825246,849.19428352795,5.06318333188021,1.12318726792036e-06,1.89420924964669e-05,-1.1411322867559,"AJAP1"
"239035_at",163.056829565246,372.037640006211,5.05776827426154,1.1510150028959e-06,1.93576577309546e-05,-1.14800922260604,"MTHFR"
"202364_at",737.086050475409,1714.61459118012,5.05506525088611,1.165155110117e-06,1.95396358834481e-05,-1.15144051423054,"MXI1"
"235694_at",125.963855269836,239.727690012422,5.05194525521428,1.18168627943792e-06,1.97459343912801e-05,-1.15539991575925,"TCFL5"
"206652_at",91.8310397606558,158.295589834161,5.04921841987934,1.19632064621904e-06,1.9953883871881e-05,-1.15885932116686,"ZMYM5"
"239167_at",105.366953628361,181.970560714286,5.04829664965038,1.2013072836726e-06,2.00126373354051e-05,-1.16002850318408,"LOC105377320"
"235484_at",183.895194021475,261.971504493168,5.04768889867927,1.20460615946055e-06,2.00553720366948e-05,-1.16079931835128,"PTAR1"
"215529_x_at",246.974410783606,541.976359161491,5.04400493862693,1.22479179257485e-06,2.03480678392678e-05,-1.16547065972501,"DIP2A"
"222395_s_at",139.558051690164,295.394128793168,5.0421770016533,1.23492919984954e-06,2.04667335561606e-05,-1.16778785186203,"UBE2Z"
"214723_x_at",1019.44729565295,1455.38105542236,5.04182073964635,1.23691442899498e-06,2.04753029048101e-05,-1.16823941700745,"ANKRD36"
"235567_at",116.683795412328,214.438021508075,5.02549894459041,1.33126473489458e-06,2.17404120013027e-05,-1.18890922615863,"RORA"
"203296_s_at",4183.99292406557,7825.16157691925,5.02482224864082,1.33532365030386e-06,2.17871741511081e-05,-1.18976541816683,"ATP1A2"
"1555824_a_at",289.273341390164,731.56329826087,5.02385926790487,1.34112045986517e-06,2.18621828095194e-05,-1.19098372694039,"PACS2"
"244350_at",49.7847099572951,65.2984986354037,5.0170894434627,1.38256755419877e-06,2.24379600689953e-05,-1.19954500440098,"MYO10"
"221829_s_at",2900.54818713115,6400.78645279503,5.0169271643747,1.38357618390015e-06,2.24405303633168e-05,-1.19975015055569,"TNPO1"
"211464_x_at",54.0404013736066,113.864410308075,5.00481623489975,1.46090038729232e-06,2.3492567257414e-05,-1.2150502251677,"CASP6"
"205572_at",56.9941564441475,78.7219939391304,4.99662713599022,1.51554464668538e-06,2.42004683287159e-05,-1.22538448850381,"ANGPT2"
"238560_at",110.584609848689,247.599354495031,4.99253426815324,1.54359383357622e-06,2.4590907007803e-05,-1.23054608418445,"CALCOCO2"
"1560116_a_at",116.896431761967,216.439437273292,4.99236721720188,1.54474929968006e-06,2.46021462161396e-05,-1.23075670699907,"NEDD1"
"231887_s_at",95.0511266172131,162.219963875776,4.98851908968289,1.57159975450797e-06,2.49425882663928e-05,-1.23560748862657,"PALD1"
"202724_s_at",180.866244627377,342.670031819876,4.97903819342581,1.6396996896475e-06,2.58582580131171e-05,-1.24755007203142,"FOXO1"
"239748_x_at",2294.34144832787,4237.50891987578,4.96439978056764,1.75050161445436e-06,2.73219171482421e-05,-1.26596513246855,"OCIAD1"
"215179_x_at",1606.68820531312,2815.03433745342,4.96222799735133,1.76754707793037e-06,2.75469030817158e-05,-1.2686947181989,"PGF"
"243_g_at",329.033177754098,619.50139863354,4.95815861449994,1.79992051295647e-06,2.79575721721292e-05,-1.2738075349019,"MAP4"
"206792_x_at",2134.54964844426,3881.44718571429,4.95025146727845,1.86447705730169e-06,2.87560742194555e-05,-1.28373562442983,"PDE4C"
"203540_at",5889.00103756459,7974.38052508075,4.95006665199963,1.86601248769436e-06,2.87716392455412e-05,-1.28396757220444,"GFAP"
"227082_at",368.922564500132,578.72657232795,4.94847785206243,1.87926278907064e-06,2.89514491384721e-05,-1.28596136063228,"ZBTB20"
"222473_s_at",187.383857462295,329.31651084472,4.94710491737999,1.89078626571768e-06,2.91207715712997e-05,-1.28768397774011,"ERBIN"
"221928_at",267.265391520656,326.405916209938,4.93984266349775,1.95288970290105e-06,2.99304249295471e-05,-1.29679155842183,"ACACB"
"214924_s_at",217.095981086885,423.787295490683,4.93563903483378,1.98973621765906e-06,3.04134268103184e-05,-1.30205997497786,"TRAK1"
"212636_at",3092.2183037377,6682.0773640559,4.92745495851502,2.06341629880779e-06,3.13120416700849e-05,-1.31231003627049,"QKI"
"214715_x_at",1485.83839104426,2703.02991888199,4.91702902008462,2.16111843690213e-06,3.25866383170502e-05,-1.32535434585499,"ZNF160"
"221974_at",86.103843187541,162.084422395031,4.91526686915473,2.17806872808959e-06,3.27838761418148e-05,-1.32755753988445,"IPW"
"1554671_a_at",104.643100312787,200.679236447205,4.90887607087416,2.24063026822675e-06,3.35358499631256e-05,-1.33554421400525,"SRRM2"
"240554_at",75.8215196683606,160.969724596894,4.90318724788013,2.29778245290385e-06,3.42506149434346e-05,-1.34264878824674,"AKAP8L"
"235990_at",105.996849867213,232.291564745342,4.90093930489233,2.32075346628297e-06,3.45230758823363e-05,-1.34545490989336,"RAD9A"
"222339_x_at",78.314485405246,164.21767133354,4.89813852672516,2.34968524510544e-06,3.48816293174423e-05,-1.34895014195753,"NFIX"
"218204_s_at",126.386035947049,197.571556068323,4.88632351858798,2.47562728178867e-06,3.64838063697563e-05,-1.36368248014442,"FYCO1"
"218901_at",438.456406552459,680.252820919255,4.8854794257005,2.48487102754514e-06,3.66003026484457e-05,-1.36473423745839,"PLSCR4"
"238573_at",227.459137844262,346.91811126087,4.87733251886241,2.57582484646162e-06,3.77366622401632e-05,-1.37488025200284,"OTUD7B"
"224970_at",290.748028154754,554.644270748447,4.8757510104343,2.59385117179974e-06,3.794990977205e-05,-1.37684874088391,"NFIA"
"202933_s_at",195.332170729508,368.421147416149,4.87476913417925,2.6051042062743e-06,3.80534524386982e-05,-1.3780706939621,"YES1"
"224943_at",64.7693143676558,130.935947045342,4.874383982006,2.6095312396204e-06,3.80977624903192e-05,-1.37854998151101,"BTBD7"
"210736_x_at",60.8350954046886,109.971326664596,4.87198520840704,2.63726782170622e-06,3.83899409349807e-05,-1.38153456558846,"DTNA"
"210679_x_at",359.481142442623,791.712759254658,4.864047463273,2.73110155661608e-06,3.95557556577441e-05,-1.39140495284056,"MORN3"
"232523_at",1071.83021698852,1795.64759534161,4.85204072148971,2.87920872357017e-06,4.13829487279703e-05,-1.40631790065034,"MEGF10"
"212530_at",247.761534901639,538.36277021118,4.85111746049075,2.89091408491151e-06,4.1474869481117e-05,-1.4074637785556,"NEK7"
"220071_x_at",679.574263845901,1452.96696080745,4.84944331150073,2.91225706883991e-06,4.1726324748119e-05,-1.4095412862029,"HAUS2"
"238009_at",188.910794237705,456.981965304348,4.84685916293744,2.94550108525313e-06,4.21143493295541e-05,-1.41274725144279,"SOX5"
"201072_s_at",66.2739732732787,137.777459251553,4.8457743828412,2.95956558394401e-06,4.22712247393257e-05,-1.41409277280887,"SMARCC1"
"242712_x_at",169.295262477869,338.952096614907,4.83908839655839,3.04769784917906e-06,4.33076749974108e-05,-1.42238208055291,"RANBP2"
"226137_at",174.180152247541,295.478063819876,4.83866240629236,3.05339839464716e-06,4.33509626661474e-05,-1.42291000614217,"ZFHX3"
"208621_s_at",56.7278173776721,69.4377117590062,4.83332816922683,3.12566032056372e-06,4.42270688689531e-05,-1.4295184543254,"EZR"
"232311_at",49.0839426055082,58.0074757434783,4.82249152000736,3.27759570660195e-06,4.60438194394814e-05,-1.44293101191062,"B2M"
"212993_at",947.625037662295,1625.22679565217,4.82008016500368,3.3123638971763e-06,4.6472541975395e-05,-1.44591323611616,"NACC2"
"220370_s_at",135.089238610492,221.484259614907,4.80413401921173,3.55143535681445e-06,4.92632100674444e-05,-1.46561318711545,"USP36"
"212119_at",536.738319257377,1087.69375149068,4.80180346520956,3.58774558708446e-06,4.9673332482614e-05,-1.46848925562368,"RHOQ"
"223380_s_at",197.70513768723,289.933546439752,4.79814448795569,3.6454786199158e-06,5.03833527664045e-05,-1.47300308795583,"LATS2"
"202773_s_at",169.735164506279,302.395925813044,4.79445243534059,3.70464431300008e-06,5.1039639107002e-05,-1.47755573379568,"SFSWAP"
"208982_at",373.788806747541,502.071681565217,4.78883963807915,3.79637390669114e-06,5.21655550008389e-05,-1.48447300308963,"PECAM1"
"232280_at",52.0214680336066,112.52074744472,4.78246138451998,3.90328147064046e-06,5.34732935122192e-05,-1.49232800293561,"SLC25A29"
"214244_s_at",26.3763266641475,49.2549166614907,4.78226755575015,3.906575462033e-06,5.34993682672962e-05,-1.49256661471391,"ATP6V0E1"
"212423_at",802.458022795409,1078.51293169565,4.77602822135732,4.0140571738017e-06,5.47030348897327e-05,-1.50024454950423,"ZCCHC24"
"212850_s_at",851.160887770492,1157.53401009317,4.77325793737696,4.06269128857722e-06,5.52710456156829e-05,-1.50365173296839,"LRP4"
"200907_s_at",154.308546576393,256.768444732919,4.77139651183591,4.0956894526817e-06,5.56373098496917e-05,-1.50594047009325,"PALLD"
"201991_s_at",1192.88689750492,2599.48090111801,4.76783987188121,4.15946166664992e-06,5.64034143412908e-05,-1.51031215086135,"KIF5B"
"212384_at",111.086996214148,149.693134463354,4.76238557001637,4.25912948254691e-06,5.75827315514407e-05,-1.51701271880866,"DDX39B"
"207761_s_at",1823.50673862295,3222.62659850932,4.76181234647113,4.26973728059071e-06,5.76984394009632e-05,-1.51771666309003,"TMT1A"
"222633_at",854.260413578689,1733.94180689441,4.75993361383184,4.3046836091058e-06,5.80845449970039e-05,-1.52002348899361,"TBL1XR1"
"217165_x_at",659.525690081967,1113.15114068323,4.75506628545357,4.39651234026158e-06,5.91048222777974e-05,-1.52599745883821,"MT1F"
"233868_x_at",280.668367483279,526.061454757764,4.75091231682155,4.47637831895707e-06,6.00603643163135e-05,-1.53109308844014,"ADAM33"
"202975_s_at",278.376871392852,492.649384895031,4.74758670302379,4.54132742884323e-06,6.07528938517258e-05,-1.53517072907108,"RHOBTB3"
"218155_x_at",244.050427309836,529.656483931677,4.7464299882736,4.56413088318851e-06,6.10280890286944e-05,-1.5365886267186,"TSR1"
"224894_at",309.247000457377,433.301552714286,4.74449792286483,4.60246670876029e-06,6.14655269422249e-05,-1.53895650118527,"YAP1"
"226377_at",160.54055095082,343.910596968944,4.74022989698392,4.68825907628917e-06,6.2397898002948e-05,-1.544185271766,"NFIC"
"228581_at",605.647264521311,795.166795447205,4.73419300257839,4.81225258848276e-06,6.37378658612633e-05,-1.55157642988681,"KCNJ10"
"213457_at",232.369974492787,479.752719670807,4.7305124662171,4.88939748764025e-06,6.45278237200593e-05,-1.55607994271268,"MFHAS1"
"1559591_s_at",156.432909441312,250.116583068323,4.72941866492112,4.91255332903279e-06,6.47058186617364e-05,-1.55741792830648,"CHDH"
"243496_at",109.039115270164,239.329710262733,4.72567166287108,4.99268391731033e-06,6.55461399817e-05,-1.56200006145145,"RAB18"
"225544_at",75.0758335805246,103.361872845963,4.72565072035407,4.99313530907692e-06,6.55461399817e-05,-1.56202566569658,"TBX3"
"1559420_x_at",109.394476593607,226.692060988199,4.72557899273976,4.99468161390311e-06,6.55507002496766e-05,-1.5621133591167,"CACNB2"
"216264_s_at",110.57455239,187.842518204969,4.71510446866706,5.22553059851422e-06,6.81225287252658e-05,-1.57491107682666,"LAMB2"
"219028_at",957.075709601475,999.027580173913,4.70930367207576,5.35777675164822e-06,6.95315556364506e-05,-1.58199133097856,"HIPK2"
"235765_at",113.330034683279,218.686239186957,4.70662855615419,5.41984805002097e-06,7.02037887076278e-05,-1.58525477024607,"TLE4"
"204745_x_at",719.928739462295,1131.30699347826,4.70553327670848,5.44546205547263e-06,7.04579110746267e-05,-1.58659061553655,"MT1G"
"207365_x_at",816.465800991803,1523.48973503106,4.70551416419356,5.44591005398029e-06,7.04579110746267e-05,-1.58661392428666,"USP34"
"1553313_s_at",79.2516476917541,124.289344480745,4.70292966948733,5.50681991948983e-06,7.10274543755854e-05,-1.58976534571685,"SLC5A3"
"202160_at",508.648047854099,1254.51897175155,4.70124746068557,5.54681833869448e-06,7.13246219821544e-05,-1.59181601407755,"CREBBP"
"1554595_at",264.196599032131,555.763090807453,4.69824548606918,5.61889576628072e-06,7.21326898383185e-05,-1.59547445301888,"SYMPK"
"1565620_at",72.607049344918,143.56658407205,4.69620463791515,5.66841237214272e-06,7.27000812683329e-05,-1.5979608066628,"AGAP4"
"220720_x_at",364.89769588164,695.030435701863,4.69599488486251,5.67352538642151e-06,7.27485929884138e-05,-1.59821631171158,"MZT2B"
"217937_s_at",54.8522613723607,90.1602027621118,4.69543121061203,5.68728779505563e-06,7.28969751289639e-05,-1.59890290320206,"HDAC7"
"242319_at",111.587270557213,179.062028632919,4.69384173414821,5.7262696443801e-06,7.32702534066188e-05,-1.60083872736311,"DGKG"
"1553126_a_at",314.109423284426,440.27934473913,4.69062973882963,5.80583310801216e-06,7.41171013408348e-05,-1.60474944383463,"SLC39A12"
"227484_at",157.796412022951,268.526955680124,4.68692891717703,5.89882954161485e-06,7.50566686497072e-05,-1.60925337367468,"SRGAP1"
"223662_x_at",567.037399104918,1214.13911459627,4.68420195073695,5.96827346997161e-06,7.58343834465948e-05,-1.61257077644035,"DDX59"
"34225_at",135.318683367213,360.845699689441,4.67915949098299,6.09876870248323e-06,7.72769823425888e-05,-1.61870202438562,"NELFA"
"212587_s_at",41.3664746563935,72.9914130031056,4.66950988403978,6.35621848854252e-06,8.00382878537683e-05,-1.63042435898376,"PTPRC"
"209558_s_at",276.527061936065,542.875048254658,4.65712837352872,6.70196222710411e-06,8.3640672167751e-05,-1.64544445677557,"HIP1R"
"202887_s_at",572.918195932787,811.25596810559,4.65547051237614,6.74961306476825e-06,8.41201491488954e-05,-1.64745382717162,"DDIT4"
"202935_s_at",461.0849278,791.890177913043,4.65401248712968,6.79179035654215e-06,8.44725063111789e-05,-1.64922064076259,"SOX9"
"242040_at",97.1049465309014,242.292329139752,4.65290462973138,6.82400812229394e-06,8.47960554741866e-05,-1.65056290664843,"GCNT7"
"225493_at",171.602105062295,478.465261661491,4.65005446647123,6.90757370676231e-06,8.55620421757184e-05,-1.65401525665282,"CCNT1"
"1007_s_at",434.078166470492,1024.9565442236,4.64956920962556,6.92189930595405e-06,8.57008253063944e-05,-1.65460291419571,"DDR1"
"213400_s_at",344.829081040984,658.743588900621,4.64878559844787,6.94509340386621e-06,8.59101768905848e-05,-1.65555180902293,"TBL1X"
"210268_at",26.2684615848197,44.1953876981366,4.64699265860123,6.99844519199802e-06,8.64236431248981e-05,-1.65772256842536,"NFX1"
"242922_at",55.8479123169181,92.7962125913044,4.64411812338565,7.08480821517925e-06,8.73617251161311e-05,-1.66120180528474,"NOMO3"
"223059_s_at",624.686990581148,763.73294884472,4.64352016632722,7.1029021604975e-06,8.75256199290513e-05,-1.66192539077242,"FAM107B"
"230132_at",66.0305483079672,96.275148542236,4.63988509081559,7.21386175120899e-06,8.8553635214942e-05,-1.66632298863527,"PCAT19"
"241762_at",422.564318377262,502.070167506832,4.63661544742602,7.31509451020581e-06,8.95951595756055e-05,-1.67027674694596,"FBXO32"
"1558546_at",74.0113454026229,141.727429310559,4.63647591266857,7.31944506940577e-06,8.96283671152879e-05,-1.67044543994216,"DNASE1"
"201305_x_at",1453.98848524262,1763.79533459627,4.63607957301036,7.33181618388763e-06,8.97246795589555e-05,-1.6709245852361,"ANP32B"
"234991_at",71.746303707541,176.423313409938,4.63411435975057,7.3934559316399e-06,9.03121543928533e-05,-1.6733000219103,"ZXDC"
"232427_at",29.8710132493443,79.0030621391304,4.62867503281019,7.56668198455679e-06,9.20374499456379e-05,-1.67987163487353,"ZNF224"
"219319_at",69.6918748814427,102.610598314907,4.62335016535591,7.74005338589758e-06,9.39581303006106e-05,-1.68630049732439,"HIF3A"
"225115_at",749.822172002623,974.653675701863,4.62086768435985,7.82218425543688e-06,9.48919290361685e-05,-1.68929615462929,"HIPK2"
"219445_at",88.174387347541,266.687259568323,4.61630198795554,7.9754374944339e-06,9.63874988965901e-05,-1.69480315392839,"BICRA"
"213656_s_at",440.603921644262,720.415257732919,4.61540296342465,8.0059538921814e-06,9.66708323884757e-05,-1.69588714487067,"KLC1"
"210193_at",215.713222256066,309.942528524845,4.60953475316558,8.2079293666051e-06,9.88694730379234e-05,-1.70295957872333,"MOBP"
"227051_at",32.2509237503279,64.1593979782609,4.6011794911249,8.50400880665207e-06,0.000101919483012648,-1.71302011487479,"BACE2"
"214428_x_at",520.518566226229,778.746282857143,4.60066690785285,8.52250441069166e-06,0.000102096391028608,-1.71363695713703,"C4A"
"212859_x_at",879.392008603278,1778.6798647205,4.59921473472991,8.57511428514466e-06,0.000102591766639012,-1.71538427658131,"MT1E"
"215588_x_at",450.822416766885,1073.60112067081,4.59448541198817,8.74863029666999e-06,0.00010425705350271,-1.72107250727016,"RIOK3"
"212920_at",39.0402350221312,85.3261474093168,4.59408148712825,8.76360603297442e-06,0.00010436525164261,-1.72155816777813,"REST"
"215383_x_at",241.254428881967,637.265726273292,4.59303125771557,8.80265968018345e-06,0.000104763913368313,-1.72282079449417,"SPG21"
"209343_at",504.723433855739,1074.36855740373,4.59212651941045,8.83643766546634e-06,0.000105097287221965,-1.72390836665799,"EFHD1"
"225415_at",79.1429817696721,154.182382714286,4.59146165737542,8.8613396359093e-06,0.000105347628743932,-1.72470750488799,"DTX3L"
"204555_s_at",33.782829441623,41.4418741341615,4.58602637981655,9.06746841828423e-06,0.000107354663440816,-1.73123787906568,"PPP1R3D"
"228028_at",179.380768890328,236.089734459627,4.58440176536908,9.12997315405335e-06,0.000107977781137328,-1.73318891366131,"GAREM2"
"225330_at",470.214266132788,1292.02718236025,4.58214467482918,9.21750156488302e-06,0.000108825094619284,-1.73589880946666,"IGF1R"
"225742_at",28.7046638016885,56.2173522490683,4.58119605606125,9.25452936925573e-06,0.000109120421234431,-1.73703749432169,"MDM4"
"226693_at",341.13444397377,867.211622236025,4.5805563724962,9.27957931755538e-06,0.000109368613750235,-1.73780526500291,"SDHAP1"
"242325_at",67.9727939659016,144.215017140994,4.57962253033073,9.31626592289226e-06,0.000109753682252561,-1.73892597879163,"YWHAH"
"232531_at",265.133693859016,578.180590496894,4.57785023656114,9.38627662013285e-06,0.000110411935070087,-1.7410525471691,"EMX2OS"
"222565_s_at",36.2477948777377,56.4695603534161,4.57682168019209,9.42713991652306e-06,0.000110821086849258,-1.74228647960053,"PRKD3"
"205370_x_at",1513.92622009508,3495.68904248447,4.57650925081343,9.43958628675405e-06,0.000110925041092077,-1.74266125981288,"DBT"
"231387_at",55.8993873412459,90.6036358757764,4.57577834857815,9.46876544681386e-06,0.000111214769238356,-1.7435379660965,"PXDC1"
"234163_at",247.165331031115,419.099207236646,4.57421113920638,9.53162521693623e-06,0.000111808969906885,-1.74541752453659,"UBE3A"
"219719_at",183.787093473115,180.994303393789,4.57204401134454,9.61921058758935e-06,0.000112618916247633,-1.74801592449327,"HIGD1B"
"224925_at",231.062289382623,475.090484484472,4.56900747552503,9.74323989430639e-06,0.000113949014164963,-1.75165549491115,"PREX1"
"214129_at",161.397688435328,217.284346770186,4.56858753355672,9.76051359410914e-06,0.000114126621205714,-1.75215871901774,"PDE4DIP"
"207730_x_at",716.57676567541,1585.93573496894,4.56673947575792,9.83688225793969e-06,0.000114872178012143,-1.75437294696928,"TNFAIP8L1"
"229222_at",123.275268018361,226.428135354037,4.56560165674066,9.88418737741671e-06,0.000115345601190639,-1.75573594066059,"ACSS3"
"222548_s_at",422.760186440984,825.630384192547,4.55799115356246,1.02062821679807e-05,0.000118351744970169,-1.76484726064108,"MAP4K4"
"229435_at",111.58810870082,168.733277635404,4.55702715379788,1.02477958467816e-05,0.000118757574803472,-1.7660007052136,"GLIS3"
"208228_s_at",174.14025791623,328.439738453416,4.55620021785286,1.02835366655724e-05,0.000119045599659151,-1.7669900320128,"FGFR2"
"242608_x_at",505.527917024591,1320.05234652174,4.55548929912243,1.03143591540825e-05,0.000119326615901282,-1.76784047122752,"FAM161B"
"242622_x_at",28.4695628078033,56.523409073913,4.55302980961196,1.04216808495621e-05,0.000120339049725408,-1.77078202187103,"PTEN"
"232516_x_at",94.2396910568853,226.843909813665,4.55218230561209,1.0458911064966e-05,0.000120663299673753,-1.77179541304927,"DAP3"
"229497_at",385.171260583606,810.016811832298,4.55200916480064,1.04665327650071e-05,0.000120681809326722,-1.77200242964806,"ANKDD1A"
"209484_s_at",306.564255957377,922.814948782609,4.55156221457328,1.04862323758304e-05,0.000120880192947191,-1.77253680555589,"NSL1"
"232169_x_at",445.684710703279,945.097629875776,4.54846161707187,1.06238803613682e-05,0.000122286454475328,-1.77624301526115,"NDUFS8"
"1559820_at",109.039065091361,230.348877287578,4.54436833013784,1.08082669716056e-05,0.000124069283366058,-1.78113344964047,"ATG10"
"214806_at",142.978823173443,290.670682374534,4.54250904455178,1.08930355532416e-05,0.000124806521138617,-1.78335393477085,"BICD1"
"223642_at",503.89426119836,614.908159888199,4.53944179089728,1.10342799365623e-05,0.000126239643342027,-1.78701584491186,"ZIC2"
"229145_at",161.670597687869,372.127599975155,4.53478571139673,1.12520666604309e-05,0.000128435646066609,-1.79257172213274,"ANAPC16"
"217853_at",1496.3128083623,2183.69008722981,4.53165128689144,1.14010048293544e-05,0.00012991870342746,-1.79630991726544,"TNS3"
"226978_at",73.559328383377,153.79380748323,4.52960877209218,1.14990790738767e-05,0.000130899885147659,-1.79874502149629,"PPARA"
"233700_at",50.8549657395246,109.024458353416,4.52756873951912,1.15978452398902e-05,0.000131832055819334,-1.80117649528624,"PPP1R12B"
"228541_x_at",135.01730764918,423.059174720497,4.52732855268243,1.16095272848195e-05,0.000131937415152257,-1.80146272499256,"NGRN"
"244804_at",148.01478452459,248.851713248447,4.5256804129743,1.16899947273545e-05,0.000132734158425709,-1.80342655557068,"SQSTM1"
"204472_at",86.07520988,144.281421679503,4.52522583462613,1.17122830630324e-05,0.000132911804996118,-1.80396812844938,"GEM"
"209715_at",186.286768666229,451.922634068323,4.51847268584892,1.20482561033244e-05,0.000135962518565379,-1.81200972434917,"CBX5"
"221985_at",112.263612229508,291.282970465839,4.51462733356758,1.22436929091184e-05,0.000137826623390168,-1.81658544401472,"KLHL24"
"227792_at",202.261600763934,402.784244291925,4.51051975816914,1.24558292013207e-05,0.000139754250273386,-1.8214705464863,"ITPRIPL2"
"201938_at",1269.60578109836,3403.70797521739,4.50901019188702,1.25346769908232e-05,0.00014041911104707,-1.8232651726181,"CDK2AP1"
"233056_x_at",315.046197116393,655.319298757764,4.50877125079584,1.25472013664451e-05,0.000140480457742176,-1.82354920039846,"DLGAP4"
"222513_s_at",233.053546965574,503.159439813665,4.50709086879938,1.26356215941348e-05,0.000141235731115406,-1.82554639821302,"SORBS1"
"242195_x_at",741.81199220164,2014.27183428571,4.50706572502267,1.26369491836592e-05,0.000141235731115406,-1.82557627906535,"NUMBL"
"201667_at",4326.08303413114,7503.77270660248,4.50416417124752,1.27910565763776e-05,0.000142695576068852,-1.82902379449555,"GJA1"
"208981_at",68.8523611290164,123.447943536025,4.50372068564483,1.2814769875938e-05,0.000142930955317607,-1.82955060662843,"PECAM1"
"1552482_at",49.628950457836,117.873881357143,4.50338781416606,1.28325964159104e-05,0.00014305316250355,-1.82994600033912,"RAPH1"
"203297_s_at",278.121282719672,980.026597515528,4.50335685980723,1.28342553532664e-05,0.00014305316250355,-1.82998276784503,"JARID2"
"236361_at",120.212142492623,221.510539571429,4.4996933414742,1.3032059849051e-05,0.000144852179761509,-1.83433318454993,"GALNT15"
"46665_at",673.750087088524,1585.03025127329,4.49930814926231,1.30530272961413e-05,0.000145026268526016,-1.83479047222417,"SEMA4C"
"212177_at",441.240326796393,1128.31668976398,4.49595088486401,1.32371563335282e-05,0.00014671427580289,-1.83877508428147,"PNISR"
"238905_at",64.3722647863934,125.480440842857,4.48810421096201,1.36773120366955e-05,0.000150828365390546,-1.84808084123782,"RHOJ"
"244007_at",88.3211087255738,227.021849440994,4.4848065680346,1.38664674644285e-05,0.000152545092277188,-1.85198867713905,"ZNF462"
"229586_at",681.178773980984,1657.37197865839,4.48312285470547,1.39640153085149e-05,0.000153463826531267,-1.85398325739363,"CHD9"
"1555881_s_at",131.55097782623,310.919627453416,4.48182864997132,1.40394452479195e-05,0.000154191844933376,-1.85551609799204,"LZTS2"
"227197_at",282.878304470491,486.465282459627,4.48065268113873,1.41083240679197e-05,0.000154800846561009,-1.85690866356444,"ARHGEF26"
"242700_at",45.4874617637705,48.9535051670807,4.47623211836243,1.43701665398655e-05,0.000157232110379657,-1.86214140399707,"PON2"
"224999_at",182.77152932459,305.446835796894,4.47354449621694,1.4531641906965e-05,0.00015877648306621,-1.86532124864802,"EGFR"
"205871_at",231.631837906557,489.841694667702,4.47197765136676,1.46265840904472e-05,0.000159558756014606,-1.86717450486444,"PLGLB2"
"214212_x_at",129.909984157541,252.133050006211,4.47136653184907,1.46637761804091e-05,0.00015990067065494,-1.86789722463574,"FERMT2"
"203567_s_at",53.3261129411476,69.0183794490683,4.46818760340147,1.4858715329303e-05,0.00016144679265295,-1.87165568635771,"TRIM38"
"221737_at",155.605422068852,400.726058608696,4.46755395895852,1.48978688584535e-05,0.000161840051626455,-1.87240464845514,"GNA12"
"213235_at",119.170211051967,308.323376546584,4.4658516232493,1.5003550239587e-05,0.000162702861507497,-1.87441646694902,"KNOP1"
"202660_at",114.018037718525,227.417996779503,4.4657595859404,1.50092844465553e-05,0.000162710226500485,-1.87452522294947,"ITPR2"
"242916_at",104.374695371639,218.397645434783,4.46311730320528,1.51748091316115e-05,0.000164098633162749,-1.87764688475159,"CNTRL"
"1555318_at",113.528515528836,127.392994348696,4.46261161768751,1.52066872294422e-05,0.000164410841263546,-1.87824418370535,"HIF3A"
"225516_at",470.400263339508,449.550559378882,4.46127636372482,1.52911708453647e-05,0.000165258898195358,-1.87982113881164,"SLC7A2"
"1553693_s_at",79.6785020167378,188.402333149689,4.45687289780537,1.55729978581871e-05,0.000167741067355472,-1.88501961471471,"CBR4"
"200772_x_at",1117.38920360852,2880.96200255901,4.45427030273475,1.57419099739946e-05,0.000169393609098239,-1.88809058215226,"PTMA"
"57082_at",94.2785554288525,224.162071093168,4.45383246917596,1.57704986703691e-05,0.000169667850216929,-1.88860709984606,"LDLRAP1"
"210094_s_at",129.51661317918,240.634888804348,4.45326452141145,1.58076577166234e-05,0.000169967293147765,-1.88927706767998,"PARD3"
"215811_at",118.045193990443,260.904122273913,4.45318389920953,1.58129393984368e-05,0.000169983792179733,-1.88937216767134,"SNCA"
"241368_at",91.789056399836,184.918472863354,4.45309875523963,1.58185191515406e-05,0.000169983792179733,-1.88947260026379,"PLIN5"
"32099_at",361.468691673771,1166.11911375155,4.44925251487909,1.60725605236543e-05,0.000172341095632633,-1.89400822888546,"SAFB2"
"225234_at",161.23766587836,476.165334459627,4.44739638870849,1.61965560755014e-05,0.000173568542420235,-1.89619616558922,"CBL"
"219313_at",295.511773539344,519.20826978882,4.44680286658222,1.62363991975243e-05,0.000173927336623167,-1.89689566835519,"GRAMD1C"
"1562110_at",34.0064068984918,45.2418671319255,4.44640063597274,1.62634545130007e-05,0.000174114817994578,-1.89736968898852,"IWS1"
"1564158_a_at",60.9416648152458,96.4279069385093,4.44520235786128,1.63443118369722e-05,0.000174843523710908,-1.89878167660359,"VAC14-AS1"
"226430_at",434.214185278688,793.899073447205,4.44473058471289,1.63762520972256e-05,0.000175150935722967,-1.89933752386613,"RELL1"
"209285_s_at",513.185778806558,1437.75099732919,4.44071751553443,1.66503858482574e-05,0.000177665856021365,-1.90406426482677,"TASOR"
"215233_at",121.442899453279,288.81119552795,4.43471759572955,1.70684910063514e-05,0.000181701663896469,-1.91112620459798,"JMJD6"
"226621_at",160.166433704098,271.801713904969,4.43209925270429,1.72540989827839e-05,0.000183534603479321,-1.91420613343339,"OSMR"
"230245_s_at",57.7613665224099,110.639893793789,4.42627477474109,1.7673969683765e-05,0.000186946080955668,-1.9210533102153,"LINC00926"
"240239_at",45.6006919701639,97.1693646714286,4.42614564011731,1.76833890821573e-05,0.000186973370347506,-1.92120505504625,"ZNF566"
"238350_at",154.358106034754,273.685719406832,4.42240837237294,1.79580958120929e-05,0.000189479687716472,-1.92559547629904,"UBN2"
"223536_at",601.465235354098,1162.24348677019,4.42194897339418,1.79921456795536e-05,0.00018979752364067,-1.92613500244735,"PSD2"
"202620_s_at",264.581351496721,578.197118968944,4.42130692422259,1.80398372979329e-05,0.000190227213937219,-1.92688897710354,"PLOD2"
"240230_s_at",41.7644807396393,74.6534332652174,4.420204475206,1.81220112693146e-05,0.000191000933202894,-1.92818345035646,"AGAP9"
"230528_s_at",187.832746176393,482.577162956522,4.41717511114988,1.8349670566634e-05,0.000193010434442231,-1.93173942210652,"CENPBD2P"
"233775_x_at",484.629184190164,1262.5211710559,4.40815425829391,1.90439983245806e-05,0.000199621081062854,-1.94231931230318,"LOC100289333"
"223000_s_at",148.433141027213,340.778435565217,4.4034996055869,1.94120729285496e-05,0.000203013597430844,-1.94777307290944,"F11R"
"205945_at",64.1688882961475,105.599389826708,4.40331844004691,1.94265362844254e-05,0.000203087164694256,-1.94798526727655,"IL6R"
"215208_x_at",95.1097060360656,170.49727603913,4.40204172533046,1.95287569664714e-05,0.000204038751603635,-1.94948049279891,"RPL35A"
"236154_at",91.7411070609836,180.128769934161,4.40101167683043,1.96116048694576e-05,0.000204786954972803,-1.95068663527925,"QKI"
"232469_x_at",102.273958537869,242.164963521739,4.40093089150643,1.96181167875439e-05,0.000204815836425237,-1.95078122387432,"SSBP3-AS1"
"1552536_at",96.3347860632786,206.334725343478,4.40014263886219,1.96817651848935e-05,0.000205401891865633,-1.9517041026028,"VTI1A"
"49306_at",115.51482136382,209.0232326,4.39839510677275,1.98235803182117e-05,0.000206645234298994,-1.95374972391428,"RASSF4"
"1554116_s_at",134.658715908853,270.395111111801,4.3948270636635,2.01161890192431e-05,0.000209137218982149,-1.95792479779571,"PARP11"
"224851_at",84.3127320477049,185.074596813665,4.39351465053428,2.02248583345386e-05,0.000209890378796201,-1.95945995217146,"CDK6"
"235009_at",167.43622860541,403.665172043478,4.3932894028861,2.02435657358319e-05,0.000209982348056652,-1.95972339940497,"BOD1L1"
"214659_x_at",278.44604900459,635.536004,4.39288159180408,2.02774778235935e-05,0.000210235178986734,-1.96020034911299,"YLPM1"
"223189_x_at",303.875684489344,667.786011534162,4.3925647683209,2.03038613919153e-05,0.000210408192115801,-1.96057086620387,"KMT2E"
"211452_x_at",1817.0986989459,4086.44382701863,4.39089797107636,2.04432086782563e-05,0.000211651663412926,-1.96251986486625,"LRRFIP1"
"222033_s_at",134.015820917377,236.267220763975,4.38952014321852,2.05590910625948e-05,0.000212557521481898,-1.96413061560503,"FLT1"
"208995_s_at",260.534150521311,637.283752418634,4.38800432590284,2.06873083113986e-05,0.00021373367005399,-1.96590231288637,"PPIG"
"214682_at",41.0992298882295,71.3507829540373,4.38426924020944,2.10065330440701e-05,0.000216499942353352,-1.97026624946918,"PKD1P6-NPIPP1"
"1569129_s_at",126.92336398459,305.971324043478,4.38282473360003,2.11312548732267e-05,0.000217621277113142,-1.97195332551651,"C3orf38"
"1559003_a_at",53.2457225932786,116.865005283851,4.38210492219721,2.11936702784736e-05,0.000218181872053388,-1.97279387984307,"CCDC163"
"210357_s_at",147.33325288623,349.065949770186,4.3801569472577,2.13634703445493e-05,0.000219557846069217,-1.97506817322054,"SMOX"
"225237_s_at",36.9913571631148,78.9130962248447,4.37947517221959,2.14232071764005e-05,0.000219965042698535,-1.97586400526925,"MSI2"
"204964_s_at",68.4111626403279,107.299703186335,4.37612352747213,2.17192183072412e-05,0.000222502953147538,-1.97977521595686,"SSPN"
"213988_s_at",224.989022488524,463.571100776397,4.37192935051226,2.20951787849632e-05,0.000225762268747498,-1.98466693939343,"SAT1"
"208581_x_at",997.593754808196,2040.72588468323,4.3650174954414,2.27284271008686e-05,0.000231195674742324,-1.99272181005811,"MT1X"
"236715_x_at",298.777138452459,661.859833540373,4.36287815639162,2.29279364435145e-05,0.000233051668534887,-1.99521328620341,"UACA"
"217911_s_at",308.97532810164,589.693692776397,4.36216358624441,2.29949494219065e-05,0.000233598361024669,-1.99604530168866,"BAG3"
"227196_at",135.018729075574,252.55412437764,4.35936644163173,2.32590820269426e-05,0.000235464526372081,-1.99930134307957,"RHPN2"
"203617_x_at",234.248800329508,603.386623043478,4.3584024653325,2.33507830331156e-05,0.000236145481789718,-2.00042315951617,"ELK1"
"228617_at",323.463730373935,492.941077136646,4.35833133598023,2.33575631553506e-05,0.000236145481789718,-2.0005059292149,"XAF1"
"228670_at",48.874126387377,103.32820878323,4.3564254371199,2.35399410794019e-05,0.000237743057535523,-2.00272340795222,"TEP1"
"222809_x_at",72.6100930868853,191.830080913043,4.35458547615182,2.37173063143455e-05,0.000239249414702576,-2.00486358135116,"CCDC85C"
"212089_at",69.8580664151312,129.438661691304,4.35454249741606,2.37214646017863e-05,0.000239249414702576,-2.00491356569571,"LMNA"
"204863_s_at",229.840703816164,511.256345537888,4.354225574814,2.37521491870755e-05,0.000239514709849382,-2.00528213750015,"IL6ST"
"236274_at",69.0222545818033,158.334850386957,4.35188331546569,2.3980112608352e-05,0.000241323883096199,-2.0080055855827,"EIF3B"
"1554447_at",118.824272263115,149.337717902484,4.35001371475795,2.41635803526383e-05,0.000242991310608883,-2.01017878014025,"JPX"
"1555847_a_at",79.3530512160656,163.078690614907,4.34968607258923,2.419587105201e-05,0.000243137153054336,-2.01055956474908,"MIR23AHG"
"236725_at",59.6125223020492,138.618372790683,4.34822961763788,2.43399138307008e-05,0.000244315180593642,-2.01225202960593,"WWC1"
"203140_at",948.467547103279,1945.40755290062,4.34663282138012,2.44987825290914e-05,0.000245639269168911,-2.014107160358,"BCL6"
"226040_at",64.0532919249836,102.351708128571,4.34576444858304,2.45855963049484e-05,0.000246238775961358,-2.01511583799163,"TRIM56"
"210384_at",54.8548859929016,74.0440323136646,4.34468717525888,2.46937050632519e-05,0.000247109472917377,-2.01636698928746,"PRMT2"
"239640_at",50.5696521678688,102.023582815528,4.34410082755991,2.47527391241905e-05,0.000247550029561938,-2.01704789330359,"GARS1-DT"
"232570_s_at",23.2971067306393,33.092798026087,4.34404724240165,2.47581408832479e-05,0.000247558769713164,-2.01711011684115,"ADAM33"
"228758_at",294.42359890918,516.418758515528,4.34345172924571,2.48182490165587e-05,0.000248069061239552,-2.01780159864037,"BCL6"
"224667_x_at",598.31533117705,1472.44918192547,4.34103809126807,2.50633075643498e-05,0.00025006137610964,-2.02060357916098,"ANAPC16"
"223697_x_at",919.595622175411,1985.79672160248,4.34068712186484,2.50991346661423e-05,0.000250327469513194,-2.02101093468596,"QNG1"
"243951_at",45.6641286419672,96.0135877391304,4.34055647704489,2.51124834976487e-05,0.000250414925266084,-2.02116256327804,"ABCB1"
"214577_at",1210.74844678197,2079.05081072671,4.34020587438911,2.51483405529578e-05,0.000250726754145326,-2.02156946419919,"MAP1B"
"219640_at",52.8671607878688,115.334584503106,4.33994506289587,2.51750463095049e-05,0.000250947248308511,-2.02187214200948,"CLDN15"
"225557_at",84.4495510588524,213.113131134783,4.33931595161487,2.52395761695683e-05,0.000251407146487729,-2.02260219229864,"CSRNP1"
"203903_s_at",357.005923440983,607.804355049689,4.33913055942733,2.52586226857332e-05,0.000251541613883239,-2.02281731715594,"HEPH"
"232597_x_at",288.302824637869,562.901841086957,4.33561399928855,2.56225253504864e-05,0.000254387429369501,-2.02689673641836,"SCAF11"
"208003_s_at",256.351443858689,575.233753012422,4.33455957326496,2.57326173544661e-05,0.000255387702642119,-2.028119519756,"NFAT5"
"223220_s_at",46.4472654691803,100.510305661491,4.33181303103704,2.6021518318719e-05,0.000257507061371215,-2.03130369816815,"PARP9"
"243331_at",67.8216586962295,179.01935142236,4.32774005618872,2.64556821328787e-05,0.00026100043677646,-2.03602327627541,"LINC02918"
"200799_at",4261.84377972131,6737.74042099379,4.32626978447425,2.66141089694356e-05,0.000262374036765938,-2.03772625907188,"HSPA1A"
"204379_s_at",2657.54492614754,4065.34607130435,4.32615606625164,2.66264003666432e-05,0.000262400584002562,-2.03785796083466,"FGFR3"
"203752_s_at",1442.69279060656,3856.90466503106,4.32514651672354,2.67357581354648e-05,0.000263288468309896,-2.03902706411876,"JUND"
"226625_at",361.818263667213,615.850529819876,4.31810559155405,2.75105307001551e-05,0.00026970383109754,-2.04717588342812,"TGFBR3"
"215780_s_at",77.339502149836,142.494981947205,4.31606316914657,2.77392778374476e-05,0.000271168427634981,-2.049538081662,"SET"
"204619_s_at",78.6617476988524,156.324984215528,4.3148030221742,2.78813210405222e-05,0.000272508263834564,-2.05099516652813,"VCAN"
"207181_s_at",61.0830982629508,147.779075462733,4.31154694719843,2.82515835091426e-05,0.000275732832624486,-2.05475883538677,"CASP7"
"236808_at",93.8987797580326,244.861358534161,4.31087709196176,2.83283386627106e-05,0.000276333972592988,-2.05553288782795,"FGFR1OP2"
"219564_at",211.093025524754,342.714997335404,4.3099881217689,2.84305100696334e-05,0.000277182264275536,-2.05656001905733,"KCNJ16"
"217620_s_at",62.800641717377,131.143003254969,4.30992195792393,2.84381285552616e-05,0.000277207109780518,-2.05663646041656,"PIK3CB"
"224733_at",47.9519248140983,107.324372478261,4.30949183811961,2.84877028041448e-05,0.000277640846847882,-2.05713337410247,"CMTM3"
"223185_s_at",60.9017271642623,136.394015885093,4.30861034197515,2.85895605023048e-05,0.0002785342516863,-2.0581516588836,"BHLHE41"
"37170_at",32.3008383860655,82.9599136018633,4.30587878131931,2.89074188330055e-05,0.000281130047081924,-2.06130624245234,"BMP2K"
"1556355_x_at",39.7152124188196,62.0866388496894,4.29992113053859,2.96124854753448e-05,0.000287016955037135,-2.06818203682953,"RGL3"
"225055_at",82.4896201901639,275.399752347826,4.29764012585094,2.98867775794815e-05,0.00028916290287704,-2.07081294008963,"LINC00674"
"208965_s_at",76.5012036388197,120.422419201242,4.29259993286693,3.05015326780283e-05,0.000294070058044648,-2.07662307517746,"IFI16"
"230785_at",169.68954773164,258.770876714286,4.28969607579723,3.08612058208082e-05,0.00029703823969098,-2.07996851983761,"SALL3"
"230213_at",50.5551549662296,101.074803844099,4.28800489258172,3.10725473786969e-05,0.000298679945135418,-2.08191620340556,"TRIR"
"1554701_a_at",86.49228175,174.482144430435,4.28509838218167,3.14390111654698e-05,0.00030172510715676,-2.08526237717942,"TBC1D16"
"232028_at",54.5731201456885,133.845953037888,4.28409132341128,3.15669491211832e-05,0.000302846629794822,-2.08642142850129,"ZNF678"
"215404_x_at",128.253085001148,297.797922111801,4.28363669343178,3.16248693060085e-05,0.000303190302632335,-2.08694461653129,"FGFR1"
"231430_at",119.566685707213,251.51069421118,4.28245670486794,3.17756766467083e-05,0.000304528504935807,-2.0883023786574,"FAM181B"
"212208_at",223.032287409426,489.573523127329,4.28193403364543,3.18426963350872e-05,0.000305063855286647,-2.0889037162907,"MED13L"
"212262_at",54.358904847377,127.605872078882,4.28032145980709,3.20503245112449e-05,0.000306553230125124,-2.09075869539078,"QKI"
"1556314_a_at",122.9766021,140.968511170807,4.28009342408128,3.20797899957989e-05,0.000306690421056182,-2.09102097323634,"ZNF366"
"225223_at",206.954980636066,558.379948397515,4.27911981535841,3.22058866840037e-05,0.000307680736405365,-2.0921406780111,"SMAD5"
"208713_at",128.379945803279,436.257474968944,4.27807563816439,3.2341651218029e-05,0.000308708062211197,-2.09334135638534,"HNRNPUL1"
"234594_at",79.1102220387704,170.606603701242,4.27718557928379,3.24578103254323e-05,0.000309654646578784,-2.09436466672473,"ITPK1-AS1"
"218236_s_at",42.9789689437705,95.3174847925466,4.27536698744433,3.2696394696968e-05,0.000311333225366898,-2.09645509072739,"PRKD3"
"222160_at",52.5844000414754,136.572774426708,4.27510225378457,3.27312654924307e-05,0.000311448301566072,-2.09675934693908,"AKAP8L"
"201656_at",145.342867054098,255.431606950311,4.2749905791964,3.27459859937303e-05,0.000311479955498818,-2.0968876899445,"ITGA6"
"236814_at",284.423410804918,733.711725900621,4.27255404879287,3.30687444343482e-05,0.000314331293801806,-2.09968735063568,"MDM4"
"205932_s_at",185.182930341967,297.850112546584,4.27158724195383,3.31976572918949e-05,0.000315501809913846,-2.10079795825361,"MSX1"
"208137_x_at",262.42475267541,732.60217931677,4.26263838388228,3.44139796066576e-05,0.000325252261883147,-2.11107007197553,"ZNF611"
"1558527_at",47.5696909407705,80.3638155149068,4.26197746859417,3.45054851166041e-05,0.000325948064746083,-2.11182815856959,"PAXIP1-AS2"
"226497_s_at",187.18216047459,302.165559950311,4.25858561999991,3.49787776282423e-05,0.000329621624754248,-2.11571748698917,"FLT1"
"1566480_x_at",78.6004164616393,152.606038946584,4.25789553455498,3.50758297928081e-05,0.000330308472945536,-2.11650853908906,"MEIOC"
"242578_x_at",380.70852153705,673.076922832298,4.25740141950682,3.5145479610326e-05,0.000330890144421674,-2.11707489682534,"SLC22A3"
"228726_at",94.1233854967214,190.404118925466,4.25611586205152,3.53273118001792e-05,0.000332215477562363,-2.11854820947875,"SERPINB1"
"213388_at",481.381647508197,929.232932608696,4.25209718595072,3.59015558299436e-05,0.000336346395648075,-2.12315193528758,"PDE4DIP"
"203685_at",283.886753506557,618.683539484472,4.25020770911969,3.61746322617925e-05,0.000338440797213125,-2.12531550380697,"BCL2"
"219911_s_at",183.838734188852,292.47992431677,4.24984043480542,3.62279431157168e-05,0.000338734934465012,-2.12573598268035,"SLCO4A1"
"36907_at",132.718539368852,405.707388515528,4.2497777562776,3.62370485905049e-05,0.000338734934465012,-2.12580773864865,"MVK"
"239937_at",34.5949063527377,58.7809903180124,4.24691782898069,3.6654858912711e-05,0.000342172513411725,-2.12908111870725,"ZNF207"
"214250_at",107.591890888443,189.96660742795,4.2458244212438,3.68158128800848e-05,0.000343350418337895,-2.13033221632572,"NUMA1"
"205286_at",43.8417231269344,52.9131967658385,4.24468498145315,3.69842635106957e-05,0.00034477657415981,-2.13163576006598,"TFAP2C"
"226232_at",83.326031302295,208.34634768323,4.24370866702411,3.71291855979764e-05,0.000345891671932077,-2.13275250244103,"GDF11"
"214807_at",70.7901599878688,178.625888742857,4.24022036850285,3.76514397783505e-05,0.000350271602559868,-2.1367411633269,"PLXDC2"
"212122_at",93.6841794055737,171.362597842236,4.23874926435955,3.78737913647919e-05,0.000352048545200611,-2.13842263790807,"RHOQ"
"201996_s_at",163.02987019459,387.549552416149,4.23850769507523,3.79104236627522e-05,0.000352269274942382,-2.13869871541699,"SPEN"
"1557394_at",46.0666216274754,102.155284952795,4.23841744954583,3.7924117476459e-05,0.000352336639426576,-2.13880184989023,"DLGAP4"
"222617_s_at",137.589607022951,393.521904621118,4.23343790164468,3.86871009176407e-05,0.000358289811691699,-2.14449034611478,"FAM204A"
"224341_x_at",40.1904997795082,83.2752849118012,4.23063756170512,3.91226167090053e-05,0.000361261453903879,-2.14768744582377,"TLR4"
"207084_at",94.0800512354097,215.506371256522,4.23028712020684,3.91774477610638e-05,0.000361584563864984,-2.14808744091375,"POU3F2"
"238477_at",79.1437086396722,146.967834186335,4.22594336430351,3.98632247716304e-05,0.000367108272593716,-2.15304360882603,"KIF1C"
"244766_at",61.6307131211475,132.986114106832,4.2234606535413,4.02603352891268e-05,0.000370266414118252,-2.15587484377817,"SMG1"
"224895_at",59.4026567834426,111.424662420497,4.22188216921725,4.0514781878778e-05,0.000372168296240287,-2.15767434673884,"YAP1"
"207826_s_at",144.397925026623,157.345753047826,4.21992757204925,4.08319915603219e-05,0.000374752315838627,-2.15990201150656,"ID3"
"221899_at",468.384220262295,1437.77820567702,4.21984089867675,4.08461126341441e-05,0.000374771137484784,-2.1600007778683,"N4BP2L2"
"202085_at",279.119997570492,530.050427547826,4.21816299760843,4.11204045688809e-05,0.000376718853854484,-2.16191252237345,"TJP2"
"233884_at",60.8911836413114,139.390693936025,4.21576316571567,4.1515780605141e-05,0.000379704801703928,-2.16464593942836,"HIVEP3"
"241631_at",40.1429087504099,66.3456268204969,4.21503814226786,4.16359437129268e-05,0.000380676458612755,-2.16547154188204,"ARHGEF40"
"1569661_at",28.7843880745902,60.0131320850932,4.21294381257025,4.19849249272049e-05,0.000383482420714155,-2.1678558815431,"NPAS3"
"212706_at",75.5942634454097,201.222941186335,4.21279034491042,4.20106073211548e-05,0.000383652907179579,-2.16803056970892,"RASA4"
"216449_x_at",371.547292625361,611.185873818012,4.21075601629616,4.23524713395563e-05,0.000386424858058107,-2.17034579501074,"HSP90B1"
"202800_at",3425.91336032787,6785.60355677019,4.20972634436388,4.25265190552545e-05,0.000387781425841568,-2.17151736081652,"SLC1A3"
"242264_at",85.0217920323443,172.549063940373,4.20861212158444,4.27156301020478e-05,0.000389116473813639,-2.17278491576102,"VSIG10"
"224156_x_at",278.82577512623,459.874844832298,4.20357165128317,4.35812289539497e-05,0.000395683110770043,-2.17851625191541,"IL17RB"
"209134_s_at",1470.64382672131,3039.56938391304,4.2027893540071,4.37170691952582e-05,0.000396652963533147,-2.17940536661255,"RPS6"
"214693_x_at",252.256525869672,601.597498149068,4.2018268958103,4.38847492878294e-05,0.000397910226751587,-2.1804990917757,"NBPF14"
"223062_s_at",673.400480539344,1482.17888939752,4.19840582994477,4.44857678639505e-05,0.000402758628574515,-2.18438540502706,"PSAT1"
"234491_s_at",77.3513068972131,203.664745331056,4.19476266238353,4.51344669213687e-05,0.000407753962149014,-2.18852171942109,"SAV1"
"223605_at",748.375116598361,1369.84163686957,4.19402278942697,4.52673096836915e-05,0.000408818988595281,-2.18936145243811,"SLC25A18"
"230296_at",1514.18090531148,3813.23243804348,4.1930092310401,4.54498998160897e-05,0.000410196974652476,-2.1905116505892,"MOSMO"
"1554213_at",86.8463405336065,152.693639634783,4.19148488001123,4.57258360684081e-05,0.000412007265497728,-2.19224115522565,"ARHGEF10"
"211737_x_at",2259.70677493442,3869.91397677019,4.18707594907354,4.65329911056229e-05,0.000418177397879673,-2.19724111004997,"PTN"
"200845_s_at",994.46940337705,2393.44118186335,4.18622638232962,4.66900827468312e-05,0.000419318213842609,-2.19820416113,"PRDX6"
"233025_at",140.080321008852,251.926348495652,4.1856854701275,4.67903660366889e-05,0.000420007102783774,-2.19881726026745,"PDZD2"
"233498_at",132.048615987705,298.321547167702,4.18548873428595,4.68268912938712e-05,0.000420128040940664,-2.19904023825987,"ERBB4"
"233595_at",338.853099418033,871.192728695652,4.18487959647249,4.69401547194352e-05,0.000421006062874856,-2.19973058345213,"USP34"
"1555219_at",23.4407531272131,42.4251202248447,4.18477831562788,4.69590123398414e-05,0.000421106117710486,-2.19984536011028,"RGR"
"1556323_at",170.826677439154,363.118415244969,4.18149369243038,4.75745263374046e-05,0.000425578734865445,-2.20356666335323,"CELF2"
"1553581_s_at",242.916431281967,590.305523900621,4.17595281980343,4.86303801698183e-05,0.000433746498496708,-2.20983977365981,"SREK1IP1"
"228618_at",56.148528214918,89.3298395403727,4.17503785774686,4.88068759084359e-05,0.000435249704826902,-2.21087511740904,"PEAR1"
"224726_at",161.250447253312,437.206064578882,4.17387020302408,4.90330062879338e-05,0.000436981192957258,-2.21219618127786,"MIB1"
"222762_x_at",70.5048554908197,133.391406757764,4.16834922450365,5.01158544768998e-05,0.000444891109518509,-2.21843918497825,"LIMD1"
"227272_at",53.2057406597541,115.124876073292,4.16569534466596,5.06444751592614e-05,0.000448782281901559,-2.2214381748716,"CCDC9B"
"212263_at",215.334989128525,481.082000763975,4.16250153560472,5.12877170508648e-05,0.000453380101819892,-2.22504561681844,"QKI"
"224325_at",93.295921572459,144.406884521739,4.16140059280163,5.15112557597403e-05,0.000455061869229892,-2.22628871562925,"FZD8"
"213394_at",302.017515470492,908.467048155279,4.15391031329565,5.30570300856591e-05,0.00046690698856163,-2.23474032345527,"MAPKBP1"
"224696_s_at",88.7703180213117,258.525195770186,4.14980717425609,5.39225050107631e-05,0.000473608507865619,-2.23936575690905,"DCAF5"
"235350_at",26.0394463816393,52.7655841795031,4.14764101432187,5.43848418643949e-05,0.000477285911546676,-2.24180641642048,"PGCKA1"
"1557384_at",58.5115145202459,127.419285217391,4.14601717186724,5.47339120543045e-05,0.00047973335068437,-2.24363547536327,"ZNF131"
"206637_at",133.442468773443,180.933752783851,4.145767959656,5.47876733677427e-05,0.000480051473563846,-2.24391613982318,"P2RY14"
"200897_s_at",307.633667278689,728.489158695652,4.14561817991066,5.48200088990422e-05,0.000480257007940255,-2.24408481733681,"PALLD"
"1559479_at",33.5779491022951,79.1479566453416,4.14336685399911,5.53082454887965e-05,0.000483527074208498,-2.24661970189939,"SEPSECS-DT"
"223757_at",48.15568796,76.9323675925466,4.14132067356263,5.57555974632108e-05,0.000487204297794638,-2.2489228018277,"DIO3OS"
"213850_s_at",315.240942364525,802.402867867081,4.13842960133757,5.63935675661858e-05,0.000491914216126549,-2.25217557793256,"SCAF11"
"240282_at",70.711642942623,140.357140177019,4.13674856378456,5.6767723173431e-05,0.000494231730017092,-2.25406623034928,"WDR1"
"1554564_a_at",44.308318639836,94.4382545975155,4.13524396427878,5.71046199660186e-05,0.000496545863266447,-2.25575800669324,"SPPL3"
"210822_at",78.5609789119672,161.028509493789,4.13520760175981,5.71127855522128e-05,0.000496545863266447,-2.25579888770827,"RPL13P5"
"211986_at",346.898241961312,467.744353838509,4.13263761327849,5.76927394852096e-05,0.000500690560532355,-2.2586876177128,"AHNAK"
"1554473_at",36.1562373032525,66.6611457816149,4.13095171299284,5.80762398695588e-05,0.000503299796301812,-2.2605819555581,"SRGAP1"
"212845_at",564.690080693442,1072.68837416149,4.12749837980276,5.88694092364113e-05,0.000508641743046901,-2.26446062191036,"SAMD4A"
"1564637_a_at",203.968622786885,496.960049795031,4.1269849099621,5.89882247861675e-05,0.000509507297027442,-2.26503714747505,"FAM98B"
"204449_at",169.832858002623,399.342055763975,4.12581110835304,5.92607008670681e-05,0.000511309209716149,-2.26635491440972,"PDCL"
"232753_at",37.3695454508196,82.1397018447205,4.12503648045964,5.94411747043335e-05,0.000512528974445582,-2.26722441131624,"ZNF346"
"1558118_at",143.283841668574,327.218751883851,4.12059822729729,6.04853751778014e-05,0.000520138076100391,-2.27220410029249,"DGCR5"
"208900_s_at",397.171607130328,1035.73100603106,4.11897641116477,6.08713000260141e-05,0.000522798983493924,-2.2740228658856,"TOP1"
"217867_x_at",59.4764877353606,131.577858049689,4.11801439429127,6.11013308209733e-05,0.000524362778627643,-2.27510147981276,"BACE2"
"224828_at",377.344419203049,923.803084277019,4.1176762571264,6.11823809651925e-05,0.000524893563356645,-2.27548055908499,"CPEB4"
"230630_at",121.334730156066,264.316825096273,4.11432982466229,6.19900670543975e-05,0.000531239328557866,-2.27923105047467,"AK4"
"203501_at",50.512170554918,111.823043973292,4.11344885936804,6.22043827674647e-05,0.000532908904389084,-2.2802180443677,"CPQ"
"1568877_a_at",113.170500357377,290.302404189441,4.11181473876434,6.26037974679882e-05,0.000535659252983139,-2.2820484619974,"ACBD5"
"236930_at",41.1696246401639,79.8919455385093,4.11098879130039,6.28066082075325e-05,0.000537226424240745,-2.28297343879674,"NUMB"
"1555945_s_at",229.65680955623,640.100807064596,4.11040383979008,6.29506221682206e-05,0.000538289844705577,-2.28362844887103,"FAM120A"
"235529_x_at",406.472058391804,1063.77468252174,4.10981050767261,6.30970217252145e-05,0.000539288676383634,-2.28429277899921,"SAMHD1"
"212501_at",348.272566957377,813.637548012422,4.10524565378298,6.42342892118492e-05,0.000548237552709625,-2.28940169616205,"CEBPB"
"226360_at",312.295449570492,687.96463815528,4.10519715355469,6.42464768402193e-05,0.000548255988955672,-2.28945595630676,"ZNRF3"
"235761_at",52.8710630479015,123.356621449068,4.10509651510991,6.42717733361405e-05,0.000548300703253781,-2.2895685452519,"TPST2"
"229312_s_at",157.79434975459,445.31639266646,4.1047181746512,6.43669582131257e-05,0.000548941419482553,-2.28999179576674,"GKAP1"
"208438_s_at",56.2060722858853,100.663245617391,4.10417030142577,6.45050337815232e-05,0.00055003317560898,-2.29060465631721,"FGR"
"210172_at",78.8150398158687,208.032784551553,4.10383582260042,6.45894685371399e-05,0.000550620876448452,-2.29097878298201,"SF1"
"1554565_x_at",69.8614429810656,111.868898173292,4.1038174960623,6.45940978791105e-05,0.000550620876448452,-2.29099928128214,"SPPL3"
"212840_at",126.393111639672,313.331585065839,4.10175555246938,6.51169804492707e-05,0.000554559331162597,-2.2933051775085,"UBXN7"
"225575_at",499.940399390164,1119.9224196087,4.10053947014125,6.54272564383494e-05,0.000556854801644887,-2.29466476950447,"LIFR"
"238642_at",272.162073214426,624.968538737267,4.09661664471344,6.64377961890988e-05,0.000563788065596613,-2.29904866742038,"ANKRD13D"
"229061_s_at",22.0918083902131,49.0682593509317,4.09501737105371,6.68540405183152e-05,0.000566353372379746,-2.30083509787572,"SLC25A13"
"241938_at",945.638862713114,1728.7757886646,4.09434308563185,6.70302828451295e-05,0.000567582579302688,-2.3015881507212,"QKI"
"228556_at",56.4181485611475,180.701183167702,4.09129501247943,6.78325293991643e-05,0.000573398816465571,-2.30499123960836,"YTHDC1"
"227891_s_at",55.2400705773607,112.482861644721,4.0850882865296,6.94945660980134e-05,0.000585186416357443,-2.31191556346559,"TAF15"
"201876_at",1330.5860835082,2806.52071803727,4.08402194201252,6.9783998372019e-05,0.000586990786306175,-2.31310447659324,"PON2"
"226950_at",50.5795136631967,67.9764007875776,4.08359416398918,6.99004311150751e-05,0.000587789306554404,-2.31358136539367,"ACVRL1"
"202252_at",468.091497114754,826.425145204969,4.08293419955967,7.00804243535107e-05,0.000589121648451445,-2.31431703008054,"RAB13"
"214761_at",158.369876926721,319.078711987578,4.08230793505989,7.0251635742796e-05,0.000590288640577435,-2.31501505467248,"ZNF423"
"222272_x_at",37.5422774733935,82.0950694496894,4.07881364795111,7.12142771482417e-05,0.000596555758767663,-2.31890839708427,"SCIN"
"202459_s_at",73.9286732980328,197.836897701863,4.07879352399298,7.121985740374e-05,0.000596555758767663,-2.31893081268175,"LPIN2"
"204326_x_at",574.886480467212,1191.73893414907,4.07696719427104,7.17280298677148e-05,0.000600019894892489,-2.32096480483897,"MT1X"
"201752_s_at",470.375263616393,1168.37185981366,4.07455115332143,7.24056093770169e-05,0.000604762708934983,-2.32365460945533,"ADD3"
"212244_at",94.1771854813115,284.852070540373,4.07400260520743,7.25602988817708e-05,0.000605962172195023,-2.3242651629496,"POLR2M"
"239762_at",191.518915447541,465.276100956522,4.0732989723091,7.27591839578257e-05,0.000607159399098614,-2.32504824942492,"LOC286437"
"216336_x_at",456.785625291804,936.392555192547,4.07122480339005,7.33484900642305e-05,0.000610958058236106,-2.32735609596522,"MT1E"
"243995_at",56.3842339101639,123.638171108075,4.0684800971703,7.4135314142784e-05,0.000615729652249235,-2.33040879288507,"PTAR1"
"201856_s_at",102.774009078852,269.310127378882,4.06783388263933,7.43217325991816e-05,0.000616903101542471,-2.33112731692503,"ZFR"
"1559882_at",25.8158891332131,35.6179442801242,4.05908083854139,7.68912847778668e-05,0.000635145942775323,-2.34085213561436,"SAMHD1"
"214087_s_at",296.51930047377,593.220539981366,4.05887413194702,7.69529786968349e-05,0.00063555953327031,-2.34108161833405,"MYBPC1"
"221841_s_at",177.760494378393,226.65959793913,4.05877725105438,7.69819101507916e-05,0.000635702452423279,-2.34118917137722,"KLF4"
"241805_at",268.407828501639,543.607073055901,4.0577660304402,7.72845103577285e-05,0.000638045180945422,-2.34231168085737,"GABRG1"
"201726_at",84.0357122955738,164.87477182795,4.05620871099561,7.77527477900483e-05,0.000641463402758346,-2.34404001602489,"ELAVL1"
"225034_at",48.0285825978524,121.287005893789,4.05468583583005,7.82132461593746e-05,0.000644410674165733,-2.34572968627704,"ST3GAL1"
"227514_at",36.0752328359016,69.7967279708075,4.05131702424082,7.92411967813161e-05,0.000651799674141486,-2.34946593150032,"ITPRIPL2"
"204904_at",75.5479219513115,84.0296192037267,4.05101010320915,7.93354879661222e-05,0.000652477106580585,-2.34980622266758,"GJA4"
"235112_at",127.88910764459,327.009586526087,4.04968108614834,7.97450207456616e-05,0.000655450843245498,-2.35127953432443,"KIAA1958"
"225461_at",81.6974046945902,229.308690199379,4.04725791263631,8.04969117815646e-05,0.000660538593975243,-2.35396494664293,"EHMT1"
"1565639_a_at",117.545852651475,210.460497055901,4.04678028622902,8.06459112317133e-05,0.000661364211278525,-2.35449413263442,"PMP22"
"238430_x_at",106.204708046721,286.221423975155,4.04637276637293,8.07732483733678e-05,0.000662011295879761,-2.35494561031374,"SLFN5"
"229576_s_at",23.8833146736066,37.4569562565217,4.04581658982008,8.09473456467568e-05,0.000663040617713323,-2.3555617295879,"TBX3"
"225864_at",75.8816030226229,170.173513006211,4.0446931561804,8.13001012330229e-05,0.000665331991455699,-2.3568060660924,"LRATD2"
"223132_s_at",344.290626078688,892.514794086956,4.0434131662836,8.17038025164104e-05,0.000668163909538482,-2.35822351896578,"TRIM8"
"236268_at",126.764092339836,305.368432470807,4.04046242768734,8.26417466395806e-05,0.000674939220689056,-2.36148997797448,"SEC22C"
"239071_at",109.382028037541,313.433991701863,4.03856675895625,8.32497278781376e-05,0.000679253674337736,-2.36358761572966,"RBBP4"
"214808_at",49.4047385592623,72.352695373913,4.03564958826276,8.4193668418922e-05,0.000685931876144324,-2.36681427039959,"TRIM56"
"1556950_s_at",104.525861667541,216.022066698137,4.03504314177732,8.43911805468253e-05,0.000687029153722107,-2.36748485432317,"SERPINB6"
"206766_at",61.8114338022951,139.024296645963,4.03382563220897,8.47890434674949e-05,0.00068972391146527,-2.36883091830206,"ITGA10"
"243579_at",53.6958586157377,100.552933722981,4.03314647318642,8.50117586176585e-05,0.000691052319717586,-2.36958166727647,"MSI2"
"238447_at",267.318783620164,589.467349975155,4.02960309452151,8.61828097981421e-05,0.0006992570910696,-2.37349714514143,"RBMS3"
"242021_at",82.661400709836,240.229334503106,4.02914578666826,8.63350616406969e-05,0.000700247662840098,-2.37400230389486,"XBP1"
"218844_at",53.8177774507541,79.1884030484472,4.02616950719657,8.73322418375445e-05,0.000707286375717337,-2.37728904730219,"ACSF2"
"205816_at",31.5727307725246,42.3602873256522,4.02572759269468,8.74812352168987e-05,0.000708073506363277,-2.37777691683739,"ITGB8"
"233031_at",26.2520504023114,46.6362262465839,4.02228061163744,8.86517475492243e-05,0.000716275202786144,-2.38158108860673,"ZEB2"
"209292_at",236.356714419016,367.226587823602,4.02146347237347,8.89314102258088e-05,0.000718110301889839,-2.38248257470661,"ID4"
"233229_at",40.5152736781148,88.5909878465839,4.01967401514547,8.9546785985089e-05,0.000721162251249778,-2.38445630336893,"SCFD1"
"243256_at",388.704019415573,1099.91727589441,4.01819992766749,9.00567571168883e-05,0.0007243090902274,-2.38608173261991,"MKNK1"
"227561_at",87.8340160622949,283.876035217391,4.01708344644784,9.04448534774114e-05,0.000726895834760763,-2.3873125677295,"DDR2"
"211424_x_at",41.5874398980327,98.5778188931677,4.01636806475412,9.06943625931636e-05,0.000728579822918193,-2.38810109751561,"TMT1A"
"222457_s_at",64.7850075832787,136.911888941615,4.00854091943069,9.34675145203114e-05,0.000747671741974839,-2.39672225011354,"LIMA1"
"1570511_at",54.0311782047541,124.712189800621,4.00660044738625,9.4167422868278e-05,0.000752389864872585,-2.39885777519999,"ARHGEF10L"
"228762_at",61.3220975515082,73.5615157192547,4.00426498677445,9.50164247937575e-05,0.000757954920571738,-2.40142704625513,"LFNG"
"214721_x_at",164.051643592787,313.472687770186,4.003415594296,9.53270068621312e-05,0.000760210633049449,-2.40236121769532,"CDC42EP4"
"212095_s_at",119.697920941639,305.55972984472,4.00250276101269,9.56618648083797e-05,0.000762436218425388,-2.40336500950009,"MTUS1"
"1564066_at",61.6700315004919,113.088049821118,4.00209234575252,9.58127839905443e-05,0.000763416491501459,-2.40381626873894,"TMEM151B"
"225946_at",171.293948914754,334.752217975155,3.99645427787942,9.79091401411699e-05,0.000777852693580131,-2.4100121928577,"RASSF8"
"243662_at",36.3572575616394,74.9489742521739,3.99564710980395,9.82128159783812e-05,0.000779812040897181,-2.41089873173772,"ZC3H10"
"204378_at",459.193244057869,576.87284273913,3.9943363715335,9.87078598912187e-05,0.000783174029829108,-2.41233809425047,"BCAS1"
"206551_x_at",295.303267308853,723.007254583851,3.99052999383798,0.000100158979160122,0.000792302198568503,-2.41651614384293,"KLHL24"
"205150_s_at",308.202305163934,607.007088043478,3.98851683221558,0.000100934659651565,0.000796630960024764,-2.41872476476537,"TRIL"
"209684_at",263.881075009836,627.504427416149,3.98808537964248,0.00010110164346277,0.000797537491895389,-2.41919800694732,"RIN2"
"1554542_at",60.3907759088526,136.878589532298,3.98793721263308,0.000101159048790893,0.000797875215326327,-2.41936051692916,"SLC25A48"
"228776_at",121.280463547541,220.57933131677,3.98706869913018,0.000101496167774477,0.000800072516301838,-2.42031302080908,"GJC1"
"210906_x_at",213.120698634426,383.420288807453,3.98505900103282,0.000102280353435746,0.000805325219484364,-2.42251651742436,"AQP4"
"220572_at",38.6766772739344,93.5367815515528,3.98417338111822,0.000102627752207958,0.000807595329874803,-2.42348729473314,"ANKRD42-DT"
"240602_at",68.7969448732295,174.593385234162,3.98326742458493,0.000102984291302455,0.0008099347133144,-2.42448020938228,"HBS1L"
"211040_x_at",174.053143392459,445.928462627329,3.98178715369511,0.000103569392153788,0.000813833934465129,-2.42610222697321,"GTSE1"
"204206_at",875.904142403277,2234.29025819876,3.97950870742821,0.000104476176948045,0.000819898805028613,-2.42859803385744,"MNT"
"1563455_at",85.435501005082,182.575434479503,3.97709113361841,0.000105446599456882,0.000826209920508031,-2.43124515693149,"SIK3"
"213517_at",114.176726812951,347.587468,3.97529582002881,0.000106172793343692,0.000830709427027237,-2.43321021345318,"PCBP2"
"202132_at",56.4454858158197,112.518549509317,3.97283398966613,0.00010717633709409,0.000836884637334961,-2.43590380258569,"WWTR1"
"222921_s_at",88.0287404645902,147.05818098882,3.96999820561649,0.000108343516167224,0.000845394854637214,-2.43900511268103,"HEY2"
"202205_at",54.6246767260656,99.0935088012422,3.96904186918089,0.000108739856454444,0.000848245349072156,-2.4400506476988,"VASP"
"1553107_s_at",167.501106964918,529.905445931677,3.96360852421606,0.000111017966903715,0.000863797828441812,-2.4459874411541,"C5orf24"
"200906_s_at",99.7438745721312,206.586354453416,3.96226842323551,0.000111586795710352,0.000867483016559576,-2.44745084442767,"PALLD"
"239185_at",47.0552849818033,122.838393590062,3.96124692196383,0.000112022252152392,0.000870002363129553,-2.44856610229913,"ABCA9"
"226066_at",123.133408622951,357.191452403727,3.96047356700402,0.000112353001783456,0.000872199399760111,-2.44941030500883,"MITF"
"235072_s_at",330.005762673771,703.266033426087,3.96010228219126,0.000112512123587199,0.000872950254747176,-2.44981556276955,"KIF13A"
"1554703_at",58.0323530407869,119.168091644099,3.95738626481916,0.000113682671839809,0.000880770877545917,-2.45277929345891,"ARHGEF10"
"233336_at",36.5950515014754,68.8053928416149,3.95730460283266,0.00011371804540433,0.00088092010944768,-2.45286838145281,"LOC105378367"
"1564093_at",58.4937359180328,140.222843574534,3.95621328693365,0.000114191778154627,0.00088446458005443,-2.45405881417121,"NEK1"
"232919_at",43.6598452693443,90.5662618770186,3.95600535294123,0.000114282253709016,0.000885039974722443,-2.45428560743769,"AFG3L2"
"200081_s_at",684.637412888525,1484.44763043478,3.95579334671247,0.000114374571421156,0.00088550406293567,-2.45451683372951,"RPS6"
"203973_s_at",470.590497234426,1033.08716037267,3.95422651385686,0.000115059050344357,0.000889292278424894,-2.45622544462883,"CEBPD"
"221031_s_at",414.089679240984,752.792394993789,3.953322935541,0.000115455554128217,0.000891978581596762,-2.45721057043943,"APOLD1"
"215807_s_at",47.7119317264262,66.493636268323,3.95321284265914,0.000115503953344105,0.000892226426828053,-2.45733058841694,"PLXNB1"
"231311_at",73.5660901459015,177.961033447205,3.94992440697729,0.000116958557368836,0.000901552111115339,-2.46091440801316,"SPTBN2"
"202307_s_at",59.1017039877049,187.245482473913,3.94856923057505,0.000117563064286227,0.000905172370009037,-2.46239070751448,"TAP1"
"244508_at",96.2375649951475,165.649415659006,3.94759312850354,0.000118000317767353,0.000907977672364986,-2.46345383260137,"SEPTIN7"
"223701_s_at",300.531318569016,503.282991801242,3.94465569545166,0.000119325523965607,0.000916438126537372,-2.46665204080172,"USP47"
"215069_at",48.9120851708687,112.414645996894,3.94420911107669,0.000119528234201679,0.000917479461600002,-2.46713812572901,"NMT2"
"1555832_s_at",198.362581240983,568.124424658385,3.94254766979648,0.000120285264670243,0.000922513234092513,-2.46894618436346,"KLF6"
"238549_at",322.223417055738,868.466257701863,3.94131590626253,0.000120849456961031,0.000926060835226964,-2.47028630367787,"CBFA2T2"
"202273_at",47.7069569542624,127.639521937888,3.93903094988958,0.000121902725026648,0.000932824561348075,-2.47277148761109,"PDGFRB"
"202704_at",406.668929834427,1044.55647347826,3.93617211339489,0.00012323283228381,0.000941421699750919,-2.47587941997688,"TOB1"
"239757_at",33.1758701836066,64.6596978652174,3.93442837333944,0.000124050896073145,0.000946480985598548,-2.47777431993359,"ZFAND6"
"242738_s_at",90.8152768609344,152.851977097516,3.9300235742704,0.000126140451872534,0.000960547243193705,-2.48255833948288,"ZFHX3"
"239036_at",44.9212665031148,105.221720652795,3.92944158008443,0.000126419030840273,0.000962400516735157,-2.48319015820068,"AGO1"
"1560145_at",48.5530759532295,104.265454506832,3.92937327418207,0.000126451764687556,0.000962515694597262,-2.48326430747216,"MKLN1"
"235964_x_at",325.794477154098,719.703296354037,3.92899202061882,0.000126634618814463,0.000963773355189415,-2.483678159562,"SAMHD1"
"238534_at",143.816421048361,332.517637496894,3.92699537024973,0.000127596353659587,0.000969204033945253,-2.48584507079716,"LRRFIP1"
"212419_at",540.953581016394,1000.63833403727,3.92596130118522,0.000128097165118067,0.000972521935378318,-2.48696701469323,"ZCCHC24"
"226879_at",73.8072150827867,154.805337101863,3.92469873804336,0.000128711174373788,0.000976451152891198,-2.4883365890053,"HVCN1"
"1558702_at",24.5905758092294,62.3426181447205,3.92278063897789,0.000129649343803121,0.000982614066043202,-2.49041666908413,"TEX10"
"229448_at",205.226314563935,544.603470434783,3.92130748383443,0.000130374297353276,0.000986877295831424,-2.49201374574522,"GDF1"
"209988_s_at",331.359704083606,614.506409813665,3.92047640709253,0.00013078497753629,0.000989711923432061,-2.49291454668856,"ASCL1"
"1566785_x_at",63.0318183157377,162.315375055901,3.92038515995982,0.000130830142593576,0.00098987284863663,-2.49301344094362,"NSF"
"226368_at",177.695539095082,376.441298763975,3.91783944333288,0.000132096205958676,0.000997839190493315,-2.49577185401629,"CHST11"
"219489_s_at",155.782371432787,347.235242881988,3.91736325463393,0.000132334319343343,0.000999361727913986,-2.49628768888295,"RHBDL2"
"230148_at",60.2345046316393,183.22645189441,3.91728460105647,0.000132373688536898,0.000999459337128551,-2.49637288670294,"AHSA2P"
"227948_at",217.838268702295,690.062528223602,3.91666009631169,0.000132686673183805,0.00100146933411437,-2.49704930968604,"FGD4"
"217947_at",146.68073234918,410.663694888199,3.91467449924885,0.000133686482869909,0.00100724128908871,-2.49919947587875,"CMTM6"
"206374_at",289.029182327049,880.939963881988,3.91375604979456,0.000134151370310164,0.0010100947860903,-2.50019378848057,"DUSP8"
"222372_at",76.0286932721312,154.706501880124,3.907906276393,0.000137148598354469,0.00102833236629602,-2.50652289664235,"MAGI1"
"212294_at",59.2038161450819,169.80273931677,3.90665222280136,0.000137799369547661,0.00103253626292624,-2.50787884104783,"GNG12"
"222243_s_at",190.276516672787,492.685700813665,3.90550876428491,0.000138395307321226,0.00103611713375161,-2.50911493753315,"TOB2"
"235077_at",5252.77907239837,13600.4936930435,3.90238268856497,0.000140037060406712,0.00104668848636186,-2.51249297314854,"MEG3"
"225612_s_at",42.7862329363935,92.7862353440994,3.90019735538103,0.000141195732203741,0.00105448390359781,-2.51485331085068,"B3GNT5"
"230820_at",70.3639354096721,199.258275188199,3.89997512351225,0.000141314069562437,0.00105522353910493,-2.51509328714668,"SMURF2"
"222418_s_at",88.958169552459,276.707599108696,3.89619070086014,0.000143343786974849,0.00106790047047961,-2.51917840208793,"TMEM43"
"218330_s_at",299.634934378688,745.415003614907,3.89421968096297,0.000144411858298844,0.00107487588444416,-2.52130492168434,"NAV2"
"1558924_s_at",200.727841300819,493.114713875776,3.89394714976821,0.000144560133506063,0.00107564307286935,-2.52159889392232,"CLIP1"
"240159_at",96.3805341242624,185.701496147205,3.89390587113967,0.000144582604457104,0.00107566388606507,-2.52164341882778,"SLC15A2"
"224863_at",54.9932576572952,120.679979130435,3.89061048527233,0.000146387273452441,0.00108744351155627,-2.52519688853976,"GNAQ"
"241851_x_at",102.697924851262,184.908221219255,3.88773625563483,0.000147978763020602,0.00109645465078621,-2.52829448325837,"LOC105374584"
"200849_s_at",1001.18876787951,2489.1572413354,3.88719866148695,0.000148278253876804,0.00109822724610055,-2.52887367588804,"AHCYL1"
"241401_at",24.2532418895082,57.2362945677019,3.88622642312271,0.000148821346165195,0.00110163469971364,-2.52992100127372,"WDFY3-AS2"
"201182_s_at",76.2531778038524,194.446824869565,3.88619477137825,0.000148839058560305,0.00110163469971364,-2.52995509440387,"CHD4"
"232424_at",227.42994175082,370.779233134783,3.87949191243482,0.000152635466967842,0.00112577150363777,-2.53717053798433,"PRDM16"
"202173_s_at",96.4910985332788,234.065340534161,3.87881171208521,0.000153025824204341,0.00112819403160361,-2.53790226233551,"VEZF1"
"215499_at",113.312984486065,383.703184869565,3.87863607216273,0.000153126775418861,0.00112849126408447,-2.53809119192253,"MAP2K3"
"217761_at",248.075301681967,769.943273229814,3.87810863527745,0.000153430306726284,0.00113018474694579,-2.53865850052155,"ADI1"
"219255_x_at",217.862131100984,384.015204310559,3.87595033374671,0.000154678339981374,0.00113792226029086,-2.54097939010867,"IL17RB"
"221558_s_at",82.565759605082,154.421406604969,3.87474752836313,0.00015537803862899,0.00114230123195375,-2.54227240745412,"LEF1"
"244062_at",102.070252331148,311.275361624224,3.87313343435795,0.000156321719175071,0.0011483125078459,-2.54400711373689,"DAAM1"
"238761_at",81.7949130720327,200.432021215528,3.87208173488454,0.000156939522451245,0.00115176756913045,-2.54513712522721,"ELK4"
"205610_at",37.7460537171803,93.2357416124224,3.87187678313326,0.000157060187669522,0.00115249842448411,-2.54535731283972,"MYOM1"
"200878_at",706.630871442623,1192.4774659441,3.87175003872131,0.000157134852462197,0.00115273689230788,-2.54549347514057,"EPAS1"
"217763_s_at",336.317854760984,758.374395950311,3.87034517747442,0.000157964713801774,0.0011583584666191,-2.54700251455179,"RAB31"
"214055_x_at",770.493131057869,1970.94633581988,3.86909276618444,0.000158708030379151,0.00116318519584184,-2.54834747154859,"PRRC2C"
"212821_at",46.8752153626229,129.924561155279,3.8689853234917,0.000158771953022107,0.00116342856257177,-2.5484628392343,"PLEKHG3"
"226544_x_at",201.337595765574,684.338601242236,3.86878492948131,0.000158891242065319,0.00116405984991576,-2.54867800827191,"BLOC1S5"
"201728_s_at",88.482885739836,238.704299714286,3.86823540935823,0.000159218793242428,0.00116565870278961,-2.5492680038834,"BLTP2"
"230889_at",107.315606570328,250.959719074534,3.86662948748479,0.000160179711356278,0.00117130208885977,-2.55099187081594,"LINC01896"
"207643_s_at",94.218251434918,183.241792360248,3.86653038813857,0.000160239188447161,0.00117158031938333,-2.55109823175796,"TNFRSF1A"
"1552302_at",50.2942702201639,61.2080316152174,3.8655187860243,0.000160847529345568,0.00117492834562043,-2.55218384926803,"TMEM106A"
"204037_at",745.080471952459,998.462009981366,3.86383066443721,0.000161867591912674,0.00118159019864159,-2.55399503576905,"LPAR1"
"221589_s_at",860.785427567214,2060.18556692547,3.86301312883438,0.000162363800474114,0.00118457976927171,-2.55487196822821,"ALDH6A1"
"202822_at",278.132264868853,640.866389677019,3.86101267921903,0.000163584085949129,0.00119284607885685,-2.55701720174781,"LPP"
"223797_at",51.6934113914753,125.402694027329,3.8602794680097,0.000164033526213462,0.00119516698370483,-2.55780328192157,"LOC114224"
"205594_at",49.8911152521311,138.304910770807,3.85920456474104,0.00016469453545997,0.00119870523512698,-2.55895550045434,"ZNF652"
"226785_at",54.1161189165574,139.260526414907,3.85739814773663,0.00016581108828806,0.00120559287944416,-2.56089133506686,"ATP11C"
"219602_s_at",86.7562232840983,170.716253517391,3.85564781569352,0.000166899828846686,0.00121233534505016,-2.56276645189813,"PIEZO2"
"240246_at",31.4317979132131,55.3706264795031,3.85410477172259,0.000167865258913632,0.00121821516207895,-2.56441900064827,"FRG1JP"
"213137_s_at",96.2898350340984,196.486012298758,3.85173843950985,0.000169356099836398,0.00122805633402587,-2.5669523493871,"PTPN2"
"221748_s_at",913.368469124591,1356.78726962733,3.85065753763587,0.000170041266362005,0.00123237092236779,-2.56810917323819,"TNS1"
"212483_at",206.933119486885,724.663515093168,3.84782773605714,0.000171847518316218,0.0012442554112696,-2.57113664370343,"NIPBL"
"223592_s_at",97.0976390434425,208.127456180124,3.84780339435188,0.000171863134264436,0.0012442554112696,-2.57116267886311,"RNF135"
"228890_at",62.8581837527869,118.482083124224,3.84761857398731,0.000171981746133067,0.00124478448104652,-2.57136035336854,"ATOH8"
"218418_s_at",253.057354836394,357.229140248447,3.8470509811021,0.000172346495299251,0.00124709431319303,-2.57196737970252,"KANK2"
"209074_s_at",1760.07913282787,3409.35283236025,3.84688546465707,0.000172452998468268,0.00124753475671508,-2.57214438336859,"FAM107A"
"229259_at",64.3335102124918,94.7298442248447,3.84583834137974,0.00017312822946353,0.00125175693545603,-2.57326405365801,"GFAP"
"201427_s_at",1087.71268510328,2342.60014625466,3.84393501143647,0.000174362011950854,0.00125917884076251,-2.57529869422802,"SELENOP"
"203295_s_at",600.483575914918,1230.15751745963,3.84325266039808,0.000174806356608455,0.00126222101790376,-2.57602794579913,"ATP1A2"
"218902_at",89.2471369321312,209.78478263354,3.84147511537088,0.000175968940523612,0.00126960963620064,-2.57792723468317,"NOTCH1"
"214600_at",30.3833220523279,72.7452631236025,3.84033414938671,0.000176719040105449,0.00127418086743577,-2.57914601510286,"TEAD1"
"225094_at",48.7618829513114,147.013326599379,3.83751063892054,0.000178588355900394,0.00128630198377737,-2.58216097981529,"KMT5A"
"202936_s_at",418.900313356558,672.454903428571,3.83545786775034,0.000179959166099402,0.00129515169231075,-2.58435194995782,"SOX9"
"238678_at",39.7835205447541,78.5747064931677,3.83240860033944,0.00018201386847274,0.00130821720241186,-2.58760495818514,"LINC01000"
"1555862_s_at",51.2756770211639,92.7009919068323,3.83103638132238,0.000182945763034867,0.00131381271070993,-2.58906826078542,"MICALL2"
"210069_at",110.476633276393,248.642513863354,3.83095052396445,0.000183004220304746,0.00131395347933841,-2.58915980463722,"CPT1B"
"226554_at",745.98304962787,2013.53451975776,3.82885876659063,0.000184433913075605,0.00132230844445432,-2.59138964996423,"ZBTB7A"
"235019_at",53.2640009218033,91.8772997944099,3.82789271761357,0.000185097768403569,0.00132672004292936,-2.59241917903998,"CPM"
"207358_x_at",408.557495513115,1212.06113836025,3.82332690404083,0.000188266128436969,0.0013462530175636,-2.59728250243439,"MACF1"
"230742_at",121.250979859836,227.378426804969,3.82259093533673,0.000188781630732396,0.00134976273836717,-2.59806603839503,"RBM5"
"222608_s_at",224.819738477049,457.44774373913,3.82215510558771,0.000189087534551531,0.00135177313697764,-2.59852998586807,"ANLN"
"226697_at",28.2524445613115,54.9406047906832,3.81970019786856,0.000190819408940576,0.00136119685552484,-2.60114256539892,"FAM114A1"
"233057_at",78.9966968100491,235.75378973354,3.81925454456363,0.000191135415355627,0.00136302710767822,-2.601616712849,"HSPB8"
"1558189_a_at",237.669049207213,435.149096490683,3.8187218634015,0.000191513783304203,0.00136519114760852,-2.60218340054856,"GPR37L1"
"1552362_a_at",49.5253320595081,112.122898183851,3.81831617178696,0.00019180242601003,0.0013667141459792,-2.60261495366534,"LEAP2"
"235457_at",151.269321259836,341.722936751553,3.81803780661414,0.000192000716776731,0.00136794881284438,-2.60291104469971,"MAML2"
"219064_at",127.826556408852,194.783907282609,3.81484392089757,0.000194289810153812,0.00138227656085357,-2.60630720514638,"ITIH5"
"235706_at",43.0840921134426,90.0104530670807,3.81362676316269,0.000195168953723445,0.00138708729297145,-2.60760091162252,"CPM"
"1556567_at",38.6195997834426,77.4932554645963,3.81342810040047,0.000195312803980633,0.00138774887038871,-2.60781204046364,"NAP1L4"
"240440_at",199.411281471967,402.552662720497,3.80977127684593,0.000197978712896464,0.0014043183870802,-2.61169692044849,"NPL"
"201324_at",156.346442497705,224.960355475776,3.80870547557882,0.000198762178287497,0.00140896176557357,-2.6128286867437,"EMP1"
"210664_s_at",23.0559858488197,36.0373275540373,3.80612075009803,0.000200674427078793,0.00142141136164438,-2.61557244311858,"TFPI"
"233888_s_at",60.3296010421968,137.697568781366,3.80183823333023,0.00020388119794638,0.00143983524899488,-2.62011550663455,"SRGAP1"
"225442_at",68.1299218286884,163.042260854037,3.79984735888447,0.000205388463948559,0.00144916947559523,-2.62222625370411,"DDR2"
"225420_at",161.887606438328,355.42790116646,3.79978424995581,0.000205436415248548,0.00144929356848743,-2.62229314949149,"GPAM"
"227954_at",69.4472764565574,138.889345014286,3.79941749576814,0.000205715291824918,0.0014507266323394,-2.6226818949983,"ITPRIPL2"
"1554770_x_at",35.4909581711475,84.5409894670807,3.79897118223247,0.000206055148776604,0.00145237401822365,-2.62315493400002,"ZNF785"
"201150_s_at",147.917641521967,311.05605042236,3.79836283790938,0.000206519245611063,0.00145489495603464,-2.62379964191916,"TIMP3"
"224811_at",171.415645055738,390.249570099379,3.79801859087925,0.000206782305428675,0.0014563728647833,-2.62416443331603,"LPP"
"223619_x_at",125.935377238525,323.262403515528,3.79440446127792,0.000209563321339653,0.00147425046246083,-2.62799281544412,"PECR"
"222912_at",182.842397468524,366.882112813665,3.79145607322397,0.000211858282624255,0.00148848003115923,-2.6311140467449,"ARRB1"
"205559_s_at",208.388674654754,434.243859698137,3.79033790226219,0.000212734857190631,0.00149348720042344,-2.63229731131208,"PCSK5"
"241091_at",116.266636502787,309.826189442857,3.78953327323773,0.000213367760687935,0.00149754586849973,-2.6331486257767,"AGO3"
"236594_at",221.543045164918,414.214776173913,3.78946925499412,0.000213418192603801,0.00149770757035205,-2.63321635283661,"LLGL1"
"225097_at",708.268902740327,1209.14142795031,3.78915548370573,0.00021366553694425,0.00149867392333892,-2.63354829015008,"HIPK2"
"201983_s_at",135.006244374164,316.038930580124,3.78894080856919,0.000213834920797284,0.00149966961192811,-2.63377538265784,"EGFR"
"236118_at",45.7617034131147,100.339892555901,3.78848796783216,0.000214192640533655,0.00150160054124601,-2.63425438648877,"GATA6-AS1"
"235308_at",943.479425267869,1938.8176800559,3.7883906892314,0.000214269559350049,0.00150194719967486,-2.63435728002596,"ZBTB20"
"210461_s_at",146.387207893934,393.530093447205,3.78805123288308,0.000214538174799531,0.00150363731664715,-2.63471631493803,"ABLIM1"
"205596_s_at",215.925750998361,605.663624192547,3.78772793029671,0.000214794304324613,0.00150485374025477,-2.63505824284731,"SMURF2"
"217764_s_at",928.834153237705,1875.3380503913,3.78701974689575,0.000215356360479967,0.00150821173424391,-2.63580715090443,"RAB31"
"239752_at",133.938329787869,275.545080857143,3.78652055894406,0.000215753382776825,0.00151041180580319,-2.63633498442177,"CECR2"
"235482_at",80.7483631396722,187.5902505,3.78646317134461,0.000215799069650249,0.00151053823238092,-2.63639566195618,"PCBP1-AS1"
"205193_at",57.6206157234427,126.295775919255,3.78238103181967,0.000219072530513174,0.00153070806463997,-2.64071012267437,"MAFF"
"47608_at",181.864069096229,543.030350701863,3.78195680581694,0.000219415402897036,0.00153251624340769,-2.64115829955054,"TJAP1"
"1555216_a_at",71.2525605955738,108.133581851553,3.77852646811789,0.000222206647507016,0.00154766222324154,-2.6447809741405,"TBX2-AS1"
"1560017_at",32.9499805327377,77.7939527621118,3.7767493373573,0.000223665885506918,0.00155604177250168,-2.64665681445135,"TMTC3"
"60471_at",39.7044276922951,94.3502769503106,3.77595464855842,0.00022432135432642,0.00156000636578441,-2.64749543754072,"RIN3"
"224569_s_at",692.885839109836,1728.64771481366,3.77585747591164,0.000224401628252032,0.00156036614837592,-2.64759797362303,"IRF2BP2"
"201206_s_at",39.6251136776885,66.0252857708075,3.77551853272288,0.000224681840922162,0.00156191731117854,-2.64795560983407,"RRBP1"
"203542_s_at",296.836015069344,717.516564055901,3.7711067569837,0.000228359538388611,0.00158308576963815,-2.6526085830678,"KLF9"
"226408_at",36.8665290336229,62.9918433956522,3.7709715129036,0.000228473175065418,0.00158364234871979,-2.65275115900778,"TEAD2"
"225342_at",575.564646214754,1549.09985596273,3.77008653449181,0.0002292180872439,0.00158820161197063,-2.65368402268871,"AK4"
"226933_s_at",68.8935599485246,123.523589935404,3.7696079263765,0.000229621903689705,0.00159025784135307,-2.65418846184224,"ID4"
"1564525_at",30.9039491160656,55.3786732149068,3.76928666111047,0.000229893343026666,0.00159187164766755,-2.6545270401963,"GSN"
"1554250_s_at",63.1701014772951,117.505157511801,3.76842230149809,0.000230625156535042,0.00159613043462701,-2.65543787682901,"TRIM73"
"242079_at",67.8488685009017,141.793693802484,3.76602432105797,0.000232666986895662,0.0016082259808496,-2.6579640067335,"RGS12"
"214297_at",60.4906852559017,104.130507250311,3.76309134267146,0.000235187638979709,0.00162234039946934,-2.66105214325869,"CSPG4"
"208475_at",107.95328241618,280.008782459627,3.76112748259054,0.000236889847708785,0.00163225613402367,-2.66311892034945,"FRMD4A"
"227703_s_at",69.9947056895737,96.2941307124224,3.7603180490565,0.000237594827931409,0.0016366342030775,-2.66397054525359,"SYTL4"
"203458_at",49.151307820164,128.476275031056,3.75987765626747,0.000237979224394826,0.00163872973473389,-2.66443383755795,"SPR"
"225128_at",39.2588252240983,83.3722547391304,3.75816428578898,0.000239480348738972,0.00164802870576504,-2.66623592578287,"POGLUT3"
"209411_s_at",195.708414164574,617.049765154658,3.75709642222221,0.000240420460458834,0.00165387376391378,-2.6673587818915,"GGA3"
"209466_x_at",1503.21948314918,2924.87962055901,3.75704666173448,0.000240464353053219,0.00165396760638882,-2.66741109929195,"PTN"
"203898_at",70.2865845393443,264.284996049689,3.75286260829658,0.0002441822773547,0.00167658746883941,-2.67180835076452,"CRCP"
"1559128_at",35.6940790627869,60.8258537099379,3.74798736812168,0.000248583040713592,0.00170320761630872,-2.67692752436729,"HSDL2"
"215718_s_at",75.5673548967212,208.237362080745,3.74589089801678,0.000250498470140354,0.00171264272288656,-2.67912740637155,"PHF3"
"203473_at",96.2796003647541,200.891532900621,3.74366846868967,0.000252544233808796,0.0017242577401968,-2.68145848454604,"SLCO2B1"
"235852_at",78.3372217227869,98.6311660223602,3.73834381103655,0.000257510148358422,0.00175443830049804,-2.68703936053921,"STON2"
"242131_at",214.606282572131,429.363204412422,3.73704432985137,0.000258736032548103,0.00176081560611993,-2.68840049487111,"MT-ATP6"
"225202_at",956.350365770492,2028.27457459627,3.73639812024742,0.000259347697879821,0.00176409994794467,-2.68907723536213,"RHOBTB3"
"232940_s_at",74.5114267373771,246.751146720497,3.73464538352688,0.000261013636187941,0.00177454868920364,-2.6909123533374,"KMT2C"
"215255_at",33.4764774355737,82.2861083621118,3.73397920745424,0.000261649474163586,0.00177732451234862,-2.69160967633448,"IGSF9B"
"223499_at",60.2548954000656,141.78136813354,3.73367032287541,0.000261944789070488,0.001778562580005,-2.69193297202293,"C1QTNF5"
"218066_at",161.922642360656,389.866208428571,3.73256981499919,0.000262999516226347,0.00178427826649405,-2.69308466619085,"SLC12A7"
"230559_x_at",55.1236954563934,141.627970542857,3.73111039440718,0.000264404425121009,0.00179225290645812,-2.69461158535844,"FGD4"
"212732_at",4902.43494113114,13301.3278145342,3.72834209700091,0.000267088855234312,0.00180820742445963,-2.69750672223023,"MEG3"
"241905_at",96.84146776,250.760441375155,3.72785887225217,0.000267560076039517,0.00181072498545124,-2.69801192715776,"PIK3C2A"
"228156_at",160.850088889837,515.240740099379,3.72734624367397,0.00026806083006381,0.00181366487857181,-2.69854782122746,"ZNF782"
"221526_x_at",90.5379784500001,223.436068223602,3.72599596174994,0.000269384081373248,0.00182081526135274,-2.69995912820346,"PARD3"
"229377_at",46.7940998455328,59.872550871118,3.72427533663742,0.000271079218512935,0.00183046267410087,-2.70175697558834,"GRTP1"
"225740_x_at",192.119728973771,648.11842763354,3.7232177918004,0.000272126099938109,0.00183685117458224,-2.70286168294828,"MDM4"
"1554769_at",30.685323154787,77.7436061956522,3.72078664276093,0.000274547256716235,0.00185136547372473,-2.70540038431023,"ZNF785"
"213839_at",114.252571828689,294.190175049689,3.72063584661714,0.000274698102293728,0.00185192586225766,-2.70555781172101,"CLMN"
"225507_at",904.519467942624,2832.99070868323,3.71768198338175,0.000277668790713304,0.00186895742118058,-2.70864063218215,"PNISR"
"1556336_at",132.342335095246,197.438467148447,3.71751457747308,0.000277838056813954,0.00186946874102964,-2.70881529303588,"RBMX"
"207012_at",165.863495836066,441.085985031056,3.7175054049727,0.000277847334057738,0.00186946874102964,-2.7088248628831,"MMP16"
"226206_at",132.626289899344,340.769558937888,3.71621613155758,0.000279154249134416,0.00187746951886523,-2.71016981526495,"MAFK"
"236034_at",35.5333255537705,70.1581540689441,3.71619689385963,0.000279173794026051,0.00187746951886523,-2.71018988118857,"ANGPT2"
"1555495_a_at",327.8602638,1017.41872540373,3.71611178441949,0.000279260278051789,0.00187782015772741,-2.71027865386913,"CWC27"
"236493_at",22.6009353845574,40.4698219583851,3.71370827913453,0.000281713090294099,0.00189128968711074,-2.71278499654187,"NKAPP1"
"227410_at",91.4534996536066,212.088379950311,3.71105445737543,0.000284445018511808,0.00190635344289447,-2.71555098941282,"FAM43A"
"235120_at",57.5258223445902,113.756486913043,3.71050979785916,0.000285008798397218,0.00190954542264823,-2.71611849172301,"SEC22C"
"202729_s_at",133.184009340984,318.440847627329,3.70996471479118,0.000285574074573724,0.0019127480739089,-2.71668637438173,"LTBP1"
"239013_at",29.9196936520492,37.6333249763975,3.70781187005114,0.000287817053429056,0.00192588390603765,-2.71892867143585,"SEC22C"
"212566_at",1903.32394093443,5054.52711925466,3.70727022536785,0.000288383992670602,0.00192849740695513,-2.71949267198379,"MAP4"
"232304_at",46.8420073066393,108.403018274534,3.70611477621166,0.000289596931818284,0.00193566164390766,-2.72069560975454,"PELI1"
"213437_at",66.4758829749182,187.589512102484,3.70525995578659,0.000290497387142644,0.00194120565167735,-2.72158538647411,"RUFY3"
"212822_at",68.5540610831147,122.546867050311,3.70463922766396,0.000291152911533264,0.00194487299182422,-2.72223140398882,"HEG1"
"241347_at",34.2120262676394,65.5521029546584,3.70226968148764,0.000293668170711792,0.00195952004316173,-2.72469676056581,"RNF213"
"226367_at",25.4584645982951,57.418105968323,3.70217338985176,0.000293770816845804,0.00195996576095721,-2.72479692124756,"KDM5A"
"201867_s_at",113.739276285689,180.675022442236,3.70101743013485,0.000295005711744499,0.00196748442176512,-2.72599917909611,"TBL1X"
"201887_at",152.54021725623,336.697008630435,3.69788264769055,0.000298379301234482,0.00198465794343009,-2.72925813071919,"IL13RA1"
"1569126_at",38.4852820442622,96.0677850465839,3.69770144394073,0.000298575419850404,0.00198509842960503,-2.72944645011908,"CCNC"
"239090_at",17.9756487690164,43.2320267763975,3.69718910255102,0.000299130591593809,0.00198795509246791,-2.72997887393834,"FAM161A"
"232814_x_at",267.791485924591,838.903396956522,3.69656287828543,0.000299810491859709,0.00199151240947996,-2.73062957110999,"COA8"
"238939_at",70.3251558307377,130.617530757143,3.69650994744135,0.000299868026509317,0.00199165261775958,-2.730684566794,"ADD1"
"219371_s_at",201.797703426721,270.505043267081,3.69583183300166,0.000300606045808477,0.00199562107390791,-2.73138908351009,"KLF2"
"202011_at",882.960945459015,2849.58729603106,3.69406600990981,0.00030253592752004,0.00200790869594054,-2.73322321398918,"TJP1"
"218706_s_at",164.385073707214,379.035233285714,3.68967457066219,0.000307386267955388,0.00203466636809453,-2.73778173982324,"GRAMD2B"
"202609_at",124.089536646885,280.00275857764,3.68331434635248,0.000314541592699295,0.00207449476246489,-2.74437690214593,"EPS8"
"218251_at",77.1808274134428,191.554699726708,3.68253610300811,0.000315427854861542,0.00207818751175913,-2.74518331882943,"MID1IP1"
"227203_at",895.402386978689,2190.04209663975,3.68187338482571,0.00031618441684744,0.00208281722784745,-2.74586992948515,"FBXL17"
"213155_at",96.6072945147542,257.782129639752,3.68079909139928,0.000317414478634423,0.00209041635983342,-2.7469827606506,"WSCD1"
"222379_at",64.2111065018852,109.982856459006,3.6789182879636,0.000319578885569686,0.0021026444727464,-2.74893045862119,"KCNE4"
"206236_at",50.403661277541,100.212860563975,3.67879788569949,0.000319717916946156,0.00210330611346783,-2.74905511830523,"GPR4"
"241255_at",101.764473261984,124.803635026708,3.67836159181252,0.000320222194817535,0.00210611674505579,-2.74950681439661,"CTNNA3"
"210150_s_at",97.8177500981968,263.142435012422,3.67541018495962,0.000323653281327144,0.00212469702921507,-2.75256137797093,"LAMA5"
"226310_at",60.0733385229507,158.093416,3.67539674791023,0.000323668981368675,0.00212469702921507,-2.75257528054341,"RICTOR"
"224618_at",36.502000832459,92.0231825540373,3.66534278598482,0.00033562000470639,0.00219130926168162,-2.76296706816187,"PTBP3"
"55583_at",49.5478003757377,101.85261563354,3.66478616646317,0.000336293679703281,0.00219465945783921,-2.76354177807939,"DOCK6"
"232288_at",67.1633837357377,135.748555357764,3.66356746000117,0.000337773138284684,0.00220304691292883,-2.76479986838951,"PDXDC1"
"204731_at",147.942492731147,339.762012506832,3.66252691737634,0.000339041175685238,0.00220942506324081,-2.76587379311393,"TGFBR3"
"225207_at",354.117188250819,728.572336180124,3.65913643900624,0.000343204176191851,0.00223096995996783,-2.76937148165073,"PDK4"
"225662_at",221.032351495082,536.142668546584,3.65749010495685,0.000345242993000483,0.00224129193093106,-2.7710690121695,"MAP3K20"
"221780_s_at",129.793508757869,474.190733857143,3.65640980072306,0.000346587047882988,0.00224709990863784,-2.77218260447378,"DDX27"
"223075_s_at",242.602760179508,413.853365981366,3.65639255497923,0.000346608544094505,0.00224709990863784,-2.77220037965169,"AIF1L"
"38340_at",182.965902571312,489.421131024845,3.65637467676626,0.000346630829985396,0.00224709990863784,-2.77221880664981,"HIP1R"
"201026_at",74.4780098172131,208.506771459627,3.65337776423975,0.000350385780152173,0.002268752076009,-2.77530677120629,"EIF5B"
"232551_at",56.7414629609836,187.15299715528,3.65326865842074,0.00035052320497812,0.0022693731476825,-2.77541915658894,"SLC26A6"
"40687_at",51.3163299684098,82.8305008993789,3.65248617559032,0.00035151027758676,0.0022744170919593,-2.77622508706483,"GJA4"
"1557124_at",31.5146371021311,79.6321629869565,3.65239641074942,0.00035162368018409,0.00227461248391684,-2.77631753361667,"TMEM198B"
"207659_s_at",434.250625727213,681.05909457764,3.65219421310957,0.000351879249019381,0.00227528664807454,-2.77652576573074,"MOBP"
"1552506_at",38.5254786565246,63.908472142236,3.6503009887973,0.00035428072316662,0.00228909224050283,-2.7784750789311,"CRB2"
"202148_s_at",52.6106094831148,171.329221981366,3.64861635261531,0.00035643061278137,0.00230162321410433,-2.78020899616883,"PYCR1"
"230002_at",64.2935602373771,125.70512328882,3.64719513799951,0.000358253901575049,0.00231203164171574,-2.7816713256787,"GPSM2"
"242287_at",87.9784631321311,241.240288484472,3.64692641702177,0.000358599634264848,0.0023137166631379,-2.78194777323278,"CLIP1"
"1558501_at",55.5626267059672,102.254389582609,3.64665065834866,0.000358954748949228,0.00231573461932732,-2.78223144517647,"DNM3"
"207598_x_at",121.985712333607,284.797338804969,3.64614843345863,0.000359602353718736,0.00231881810232007,-2.78274804133344,"XRCC2"
"212852_s_at",629.804665926229,2155.9417508882,3.64229259525252,0.000364611208894447,0.00234724100392133,-2.78671246146269,"RO60"
"236576_at",78.6199916986885,156.068352401863,3.64198371819203,0.000365015285592737,0.00234928908061011,-2.78702990232294,"CTNNA3"
"236850_at",20.8612249769508,43.9737753714286,3.63847979049286,0.000369628854309309,0.00237451035241,-2.79062958282475,"CAPRIN1"
"202940_at",43.0371970862295,104.425826688199,3.63814932893225,0.000370066796133512,0.00237704441712873,-2.79096894258063,"WNK1"
"233329_s_at",54.9369401295081,191.725827132298,3.63698506427866,0.000371613634045395,0.00238501883336448,-2.79216437494379,"KRCC1"
"213109_at",108.368791771639,298.588459652174,3.63653268109909,0.000372216312963067,0.00238832612501534,-2.79262879208201,"TNIK"
"215169_at",267.649900892459,662.369162614907,3.63422181155033,0.000375309340438288,0.00240545233412346,-2.79500046573173,"SLC35E2A"
"206580_s_at",186.45293497377,428.876610807453,3.63412311480333,0.000375441981468283,0.00240591776099137,-2.79510173452757,"EFEMP2"
"204075_s_at",60.5547731708196,151.476565403727,3.63235792522249,0.000377821746379149,0.0024180503316493,-2.79691258081085,"CEP104"
"225867_at",41.9946657457377,122.787230564596,3.62700133107688,0.000385130730958904,0.00245820951613099,-2.80240372842944,"VASN"
"210701_at",35.5793161493279,63.6050843496894,3.6266979348455,0.000385548675848285,0.00246001562049305,-2.8027145657926,"CFDP1"
"1558792_x_at",43.739660775459,109.265986212422,3.62567411966993,0.000386962197242698,0.0024675948372107,-2.80376334871186,"AP2A1"
"210666_at",71.4376618729508,213.270590931677,3.62556134490398,0.000387118197267508,0.00246830174176105,-2.80387886027119,"IDS"
"202071_at",714.892969869508,983.069708310559,3.62529790244133,0.000387482845345617,0.00247033868578261,-2.80414868550393,"SDC4"
"211270_x_at",115.870440994262,389.983013664596,3.62526367380998,0.00038753024722623,0.00247035283515147,-2.80418374236916,"PTBP1"
"225501_at",400.919060775409,1090.66834869565,3.62521852584421,0.000387592779227655,0.00247046341854419,-2.80422998240932,"PHF6"
"226846_at",62.1704607103771,117.164529430435,3.6241916332499,0.000389017645298598,0.00247838962441165,-2.80528159881813,"PHYHD1"
"212468_at",405.614307059017,1128.97041135155,3.62330811990464,0.000390247518000516,0.00248390955141772,-2.80618620686427,"SPAG9"
"221019_s_at",80.0303972993443,172.799942664596,3.62168819945048,0.000392512019876455,0.00249686965523504,-2.80784437886877,"COLEC12"
"230270_at",107.015399495033,289.312146514907,3.61804501529754,0.000397650220557045,0.00252349114285463,-2.81157157723935,"PRPF38B"
"214815_at",24.9789113062295,52.1512505167702,3.61784308848834,0.000397936857277952,0.0025249155937881,-2.81177807905908,"TRIM33"
"227539_at",111.46864004541,257.844009677019,3.61771798383325,0.00039811454207948,0.0025257159311607,-2.81190601388355,"GNA13"
"218805_at",43.8729314742622,106.176634452174,3.61752049965942,0.000398395179015651,0.00252694389938291,-2.81210795893218,"GIMAP5"
"221527_s_at",142.626479873771,349.860707124224,3.61545029631556,0.000401348312673221,0.00254066446629713,-2.81422443171402,"PARD3"
"41220_at",987.0762952459,3519.85142136646,3.61533374615002,0.000401515183103959,0.00254083826807974,-2.8143435600068,"SEPTIN9"
"232386_at",52.8774343616393,123.716079331056,3.61515375098306,0.000401773019312059,0.00254217565454077,-2.81452753111292,"VPS13C"
"227000_at",222.175006408197,474.189307881988,3.61374055299711,0.000403802803277899,0.00255413214590689,-2.8159717086794,"MTURN"
"1557895_at",29.5695820971312,69.1960091881988,3.61370284358313,0.000403857097735019,0.00255418008313038,-2.81601023899056,"LINC02076"
"213113_s_at",35.9283017842294,100.922110467702,3.61231462724439,0.000405860665790399,0.00256507130991678,-2.81742846721709,"SLC43A3"
"239461_at",61.4346696680984,118.457236063975,3.61125357273954,0.000407398366984995,0.00257270798277947,-2.81851218725675,"GALNT15"
"212220_at",31.9611845022951,103.277010530435,3.60914712540837,0.00041046736319879,0.00258939691737554,-2.82066292882942,"PSME4"
"243122_at",40.6946488234426,104.0470598,3.60737818907792,0.000413061445964319,0.0026036585840557,-2.82246834039726,"PACRG-AS3"
"201160_s_at",282.931277190984,490.017869,3.60648925656591,0.000414370861478155,0.00261100920264125,-2.82337535370217,"YBX3"
"228594_at",367.660993701639,1129.09520975155,3.60614111699053,0.000414884743640205,0.00261394599660385,-2.82373052902167,"NADK2"
"228224_at",50.6947822293442,101.87001483913,3.60535613706618,0.000416045642801267,0.00262005246719181,-2.8245312793018,"PRELP"
"228493_at",24.0732228824918,53.608924178882,3.60485983295908,0.000416781201418559,0.00262347595988484,-2.82503748720495,"NKAP"
"222351_at",97.0845483106557,157.275108622981,3.60306912126291,0.000419445369460322,0.00263670667829084,-2.82686350097515,"PPP2R1B"
"201753_s_at",1182.83120895738,3702.65520798137,3.60134900004237,0.000422019624224172,0.00265065168919662,-2.82861689578073,"ADD3"
"242872_at",322.889978932459,538.724823693168,3.60086544966486,0.000422745960687568,0.00265429896653569,-2.82910968742106,"CIT"
"214850_at",81.0281216903279,235.518445714286,3.60074772276784,0.000422922975416284,0.00265510548638022,-2.82922965675991,"GUSBP14"
"1557176_a_at",71.4290061783606,216.801706248447,3.59806057137228,0.000426982435427718,0.00267659535164073,-2.83196719707261,"ARMH4"
"227506_at",111.493156890721,197.784469809938,3.59788315207903,0.000427251749733674,0.0026776695800881,-2.8321478896436,"SLC16A9"
"213430_at",28.4121486632787,68.9884847031056,3.59683205644262,0.000428850550948712,0.00268461230514321,-2.83321824099081,"RUFY3"
"229162_s_at",17.6882357070656,33.8676365695652,3.59425232314124,0.000432798466977149,0.00270684696659524,-2.83584424468009,"ABTB1"
"217644_s_at",20.3341480034754,45.7438071807453,3.59057949669989,0.000438478332967623,0.00273829844146257,-2.83958052002474,"SOS2"
"231403_at",117.514191446721,382.362457826087,3.58832063521024,0.000442006366821813,0.00275592406271897,-2.84187698661926,"TRIO"
"201306_s_at",566.46319807541,1480.1379982236,3.58806361025944,0.000442409495197985,0.00275749420314066,-2.84213822204115,"ANP32B"
"230885_at",211.885158926721,588.61501257764,3.58638932037624,0.000445044009257998,0.00277138738111401,-2.84383959709686,"SPG7"
"1556373_a_at",65.3679939375409,157.967332322981,3.58557820038983,0.000446325623691572,0.00277821970677846,-2.84466362519642,"FAM185A"
"236718_at",46.0909657406393,56.8088872298137,3.58556631217896,0.000446344433549922,0.00277821970677846,-2.84467570155931,"MYO10"
"226614_s_at",137.840275781803,353.35884663354,3.58443340927755,0.000448140374623849,0.0027865432710746,-2.84582639728015,"FAM167A"
"212070_at",410.876676014755,957.266141242236,3.5843959140487,0.00044819993037992,0.00278659667881762,-2.84586447674181,"ADGRG1"
"225041_at",2328.1897077541,6955.28867606832,3.58431313767535,0.000448331435094825,0.00278709735233764,-2.84594854184244,"MPHOSPH8"
"238346_s_at",101.421181737049,323.443321140994,3.58264644602085,0.000450987012085697,0.00279692773205371,-2.84764087288763,"TGS1"
"1569857_s_at",22.3504576832787,55.0101424496894,3.58162208970351,0.0004526264862862,0.00280582235121292,-2.84868069513015,"TPP2"
"228121_at",135.687746909672,278.415525850932,3.58103212805669,0.000453573261314576,0.0028091434144058,-2.84927946316209,"TGFB2"
"234801_s_at",41.2054717538524,62.5092389478261,3.57952219544439,0.000456004916702482,0.00282228535439305,-2.85081159838119,"ACSS1"
"235730_at",48.9823265778688,142.4922304,3.57942583727032,0.000456160511789518,0.00282292880385873,-2.85090935702535,"NUTM2B-AS1"
"226853_at",50.6113569967213,156.155841267081,3.578685070217,0.000457358341932479,0.0028290606793934,-2.85166082460712,"BMP2K"
"239269_at",32.1645171973443,49.664868652795,3.57586751782119,0.000461941479124859,0.0028532140048748,-2.85451801324413,"NEAT1"
"235132_at",148.750514472131,315.204822423602,3.57160894846701,0.000468950796107838,0.00289030377377928,-2.85883329082357,"NIFK-AS1"
"222252_x_at",85.9611377198361,213.626928596273,3.57155502825596,0.000469040183843488,0.00289052886064503,-2.85888790434545,"UBQLN4"
"229350_x_at",64.1098590108361,160.711552195652,3.57091719337947,0.000470098790576419,0.00289542090512174,-2.85953389366308,"PARP10"
"227682_at",106.601098693443,249.294013149068,3.569261557199,0.000472857138393262,0.00290815118578758,-2.86121029276815,"SPPL2A"
"225369_at",31.748416453082,47.5900797298137,3.56913068523612,0.000473075824338592,0.00290916890065375,-2.86134278110413,"ESAM"
"228049_x_at",118.43045052459,408.537176515528,3.56330387968256,0.000482909438121407,0.00296127275086326,-2.8672378589725,"SNHG19"
"203508_at",46.091311680541,100.965922753416,3.56327602191506,0.000482956911192458,0.00296127275086326,-2.86726602578661,"TNFRSF1B"
"213156_at",649.264979988197,1443.25357839752,3.56265646750738,0.000484013844362656,0.00296568303471091,-2.86789241064655,"ZBTB20"
"1554287_at",36.898510732623,100.383433204969,3.56220040517483,0.000484793258046567,0.00296887000265413,-2.8683534487178,"TRIM4"
"227405_s_at",62.502792264918,147.739737397516,3.55966626117301,0.000489145694048606,0.00299148131015735,-2.87091443343768,"FZD8"
"243318_at",130.588722660492,410.601800093168,3.55927014497605,0.000489829345442069,0.00299467957755173,-2.87131462145025,"DCAF8"
"218414_s_at",79.6164179304918,196.790048690683,3.55902062052593,0.000490260457803873,0.00299631014201059,-2.87156669367503,"NDE1"
"203620_s_at",95.1621099213116,311.035767850932,3.55800659930147,0.000492016096192391,0.0030056960960133,-2.87259093198383,"FCHSD2"
"201798_s_at",73.1758062570491,139.248193462733,3.55738289947044,0.000493098884162995,0.00301083312807928,-2.87322080717785,"MYOF"
"1554249_a_at",34.4167932471475,69.812651954472,3.5573698425369,0.00049312157589283,0.00301083312807928,-2.87323399250376,"ZNF638"
"209023_s_at",253.56979333259,633.747502520497,3.55729616593863,0.000493249637354144,0.00301083312807928,-2.87330839290244,"STAG2"
"214239_x_at",152.069319993442,573.627751391304,3.55729254448995,0.000493255932805905,0.00301083312807928,-2.87331204989847,"PCGF2"
"213345_at",50.4318885462296,141.205096950311,3.55575681035385,0.000495932448192129,0.00302590186417863,-2.87486260629548,"NFATC4"
"201024_x_at",905.038474721313,3246.82498286335,3.55272719775221,0.00050125266100747,0.00305359211594245,-2.87791998357676,"EIF5B"
"1559582_at",44.9276577315902,86.4363180484472,3.55238208090642,0.000501862106630556,0.00305628321229958,-2.87826813889558,"RHOQ"
"205854_at",101.721785427705,335.650506447205,3.55021246641469,0.000505709452817806,0.00307560226171452,-2.88045627239811,"TULP3"
"225306_s_at",279.627008970491,1024.63883226087,3.54740629993394,0.000510726758568488,0.00310369962484518,-2.88328489943254,"SLC25A29"
"205111_s_at",75.3392290418033,180.864411708075,3.54524014565073,0.000514631741742778,0.00312291792228484,-2.88546724016767,"PLCE1"
"218859_s_at",315.356494186066,909.809525037267,3.54509730139494,0.000514890235631572,0.003123990250576,-2.88561111654369,"ESF1"
"232253_at",54.0961680285246,159.960528677019,3.5447308431599,0.000515553944744628,0.00312712579641808,-2.8859802026553,"CARINH"
"236779_at",26.9182086129016,57.2227741857143,3.54370316616916,0.000517419513387399,0.00313565860058258,-2.88701509585094,"MRPS5"
"236517_at",118.943854812131,213.522862718634,3.5424660178085,0.00051967376555572,0.00314652969343953,-2.88826063146765,"MEGF10"
"238412_at",57.2183771057378,146.746071406211,3.54153553265449,0.00052137532007518,0.00315368908342853,-2.88919720896716,"RRN3P3"
"213485_s_at",286.567174186886,1021.90265786957,3.53819740586525,0.000527522893986571,0.00318629189446705,-2.8925556662748,"ABCC10"
"211930_at",173.084195054754,664.068435099379,3.53793968476741,0.00052800034364703,0.00318776709241402,-2.89281485772354,"HNRNPA3"
"225546_at",354.367785609836,949.825395254658,3.5378849507732,0.000528101795215663,0.0031880275646921,-2.89286990215371,"EEF2K"
"201465_s_at",158.891795232688,371.64247976646,3.53735488021733,0.000529085250501689,0.00319325930800086,-2.89340294590328,"JUN"
"228057_at",142.050928602951,252.191869813665,3.53689478681984,0.000529940271410621,0.00319736088494545,-2.89386557116559,"DDIT4L"
"221681_s_at",19.6361281913115,55.2116367925466,3.53639175848637,0.000530876568193734,0.00320194995763843,-2.89437131570429,"DSPP"
"221510_s_at",30.4274606291803,96.1430147198758,3.53576762902351,0.000532040435877698,0.00320790811993969,-2.89499873987075,"GLS"
"1556420_s_at",74.0832894747541,180.944451097516,3.5345394416083,0.000534337753587286,0.00322069415471115,-2.89623316681958,"YPEL2"
"238602_at",66.0674519291804,186.603395378882,3.53197251492271,0.000539169334872436,0.00324516549803506,-2.89881208934714,"DIS3L2"
"1553984_s_at",66.8533796514755,233.815552981366,3.53145964901555,0.000540139584921829,0.0032497141522173,-2.89932718252415,"DTYMK"
"218829_s_at",48.5330786190163,133.628080869565,3.53128360658339,0.000540473003899746,0.00325014974573456,-2.89950397645636,"CHD7"
"222627_at",189.342843862295,798.503176583851,3.53018684972863,0.000542554590825089,0.0032600759327469,-2.90060526537343,"VPS54"
"233308_at",40.9953588529508,99.2700302863354,3.53000711906109,0.000542896428315638,0.00326047342576149,-2.90078571410278,"COPB1"
"1559044_at",50.8579365792131,90.0622915167702,3.52899274588504,0.000544829508546318,0.00326915642885974,-2.90180400986066,"EXOSC1"
"242377_x_at",123.743720140984,382.394653962733,3.52443168461855,0.000553601727667808,0.00331415465457543,-2.90637997711237,"THUMPD3"
"212977_at",234.84001095,356.764182338509,3.52437961673289,0.000553702631403653,0.00331439581475747,-2.90643218934771,"ACKR3"
"231017_at",146.50564423377,430.780233981366,3.52423371760928,0.000553985465300793,0.0033154998117607,-2.90657848984749,"STK11"
"227249_at",38.0649029795082,84.4196154521739,3.5242219180746,0.00055400834531771,0.0033154998117607,-2.90659032164326,"NDE1"
"209921_at",470.94476284918,1000.00714801242,3.52393363494675,0.000554567619961656,0.00331775737185727,-2.90687938366468,"SLC7A11"
"213940_s_at",138.863693560164,357.306389751553,3.52296607799309,0.000556448581414867,0.00332696553340825,-2.9078494241448,"FNBP1"
"1568763_s_at",165.333395888525,498.476373552795,3.52183294990369,0.00055865904344479,0.00333821674320699,-2.90898520475324,"PDCD6P1"
"218389_s_at",95.0834656934427,339.762205832298,3.52153141963801,0.000559248646034215,0.00334064456701854,-2.90928739433323,"APH1A"
"209244_s_at",63.6333603710819,94.9719379223603,3.52074016524282,0.000560798622314984,0.00334917145549664,-2.91008028582826,"KIF1C"
"222796_at",37.575423715918,84.919350089441,3.52068251125172,0.00056091171754996,0.00334948101322019,-2.91013805383903,"PTCD1"
"1552576_at",47.2263279183606,143.454176032298,3.51996353448321,0.000562323878982481,0.00335689015800805,-2.91085839240835,"ALMS1P1"
"227497_at",117.515265402721,269.508609179503,3.51987364247601,0.000562500673136218,0.00335713615366475,-2.91094844685348,"SOX6"
"235672_at",147.363600677049,532.304529878882,3.51895257410163,0.000564315187692594,0.00336612839702079,-2.91187107940732,"MAP6"
"214255_at",101.434844861475,192.589086419255,3.51889235964561,0.000564434002219706,0.00336646984524517,-2.91193138976068,"ATP10A"
"207443_at",108.44947822459,259.842263838509,3.51825937748803,0.000565684419602098,0.00337245618163174,-2.91256533276683,"NR2E1"
"1561346_at",517.741353665574,944.90669847205,3.51371922917861,0.000574729816057899,0.00342190489959334,-2.91710984336598,"LOC101927166"
"242265_at",41.4641649010328,69.3228340720497,3.5130390809484,0.000576096534859402,0.00342817566863711,-2.91779026252377,"BRD8"
"211538_s_at",328.360205447541,796.027684018634,3.5115830373086,0.000579032646367892,0.00344339894933266,-2.91924655083319,"HSPA2"
"228349_at",78.9547537442622,269.372199372671,3.51133316954929,0.000579537916188445,0.00344565415045707,-2.91949641461735,"KIAA1958"
"229520_s_at",91.0909208322952,256.850607834783,3.51033850707575,0.000581553382421471,0.00345650953189411,-2.92049092775824,"GPATCH2L"
"217234_s_at",36.1722426387213,71.6431838559006,3.509101194391,0.000584069719827585,0.00346995674579737,-2.92172775677147,"EZR"
"200848_at",373.208370501639,828.247215403727,3.50450512075162,0.000593506680681346,0.00351913867978013,-2.92631914004449,"AHCYL1"
"1560128_x_at",70.4940536511475,186.985434760248,3.50180496488097,0.000599117429938731,0.00354779004461173,-2.92901441254203,"CARINH"
"202864_s_at",27.7432333517541,48.3682521428571,3.50153862585498,0.000599673557079125,0.00355069869323166,-2.92928018449362,"SP100"
"201776_s_at",38.0183700045901,113.808108388199,3.49890810460061,0.000605192306101491,0.00357888953743948,-2.93190428108926,"EFCAB14"
"215123_at",60.6603941539017,113.210324603727,3.49889488163268,0.000605220167593332,0.00357888953743948,-2.9319174679815,"NPIPB3"
"229718_at",58.7047029475409,223.716359967081,3.49716652300977,0.000608872300038182,0.00359737335255971,-2.93364078555838,"N4BP2L1"
"228665_at",69.3983630708197,114.917210485093,3.49674626001628,0.000609763466188456,0.00360147105043252,-2.93405972508091,"CYYR1"
"226783_at",68.637396424754,180.101791630435,3.4928969549537,0.000617983098536581,0.00363935114047371,-2.9378951289897,"PHYKPL"
"226301_at",302.393572065574,806.214851385093,3.49230099622705,0.00061926494665842,0.00364577484209639,-2.938488648613,"SLC18B1"
"222982_x_at",1677.76871622951,4767.00716209938,3.49165928778052,0.000620647989688552,0.00365195101552105,-2.93912764466989,"SLC38A2"
"214177_s_at",434.130814773771,904.298822229814,3.49004301322255,0.000624144333169586,0.00366975926616272,-2.94073669204469,"PBXIP1"
"221864_at",59.4689712009837,180.369935652174,3.48997370066143,0.000624294683717635,0.0036701510981008,-2.94080568201156,"ORAI3"
"212230_at",476.489848896721,1109.23262168944,3.4882247275955,0.000628099775001127,0.00368862772544001,-2.94254617024785,"PLPP3"
"201148_s_at",42.5782810465574,86.342342189441,3.4881469738246,0.000628269441817817,0.00368885650036395,-2.94262353140956,"TIMP3"
"224833_at",191.923667652459,525.527747136646,3.48291435948274,0.000639786967975441,0.00374602189698621,-2.94782670962346,"ETS1"
"222728_s_at",1382.08428857869,4073.95329704348,3.48099299966908,0.000644065617028209,0.00376865235563113,-2.94973576872249,"TAF1D"
"241696_at",16.1686858562787,35.2854550192547,3.47953368039525,0.000647333288622109,0.00378534198453624,-2.9511852094006,"CNTLN"
"223303_at",28.6967395111476,52.2253727770186,3.47755372150447,0.000651791651190871,0.00380774746541948,-2.95315102530389,"FERMT3"
"213763_at",166.934385065508,248.334037327329,3.47660800138117,0.000653931328595997,0.00381943119228567,-2.95408968929457,"HIPK2"
"209791_at",147.158331452459,492.093926490683,3.4735637507795,0.000660863754960693,0.00385621406643286,-2.95710990530867,"PADI2"
"207351_s_at",14.2681918378853,30.183676668323,3.47267002674183,0.0006629120213501,0.00386445407477521,-2.95799619039915,"SH2D2A"
"1566093_at",26.6329708816394,88.2677465372671,3.4691879878196,0.000670949238003889,0.00390423047976401,-2.96144758767386,"ARHGEF12"
"225292_at",37.7734879509837,87.5827196173913,3.46687215749849,0.000676345156219296,0.00393228109488409,-2.96374157636864,"COL27A1"
"226485_at",115.947931750984,282.891067372671,3.46651080134065,0.000677190784908305,0.00393677896489756,-2.96409941898909,"VSIG10"
"1560277_a_at",30.1982466493443,55.4702817981366,3.46630082632052,0.00067768261419609,0.00393910076978843,-2.96430733930411,"LINC02874"
"221868_at",148.601079766393,262.119685291925,3.46547832373985,0.000679612410535339,0.00394833796047388,-2.96512170073059,"PAIP2B"
"218181_s_at",371.10909902623,956.990426552795,3.46334068767731,0.000684651980194203,0.00397170790632552,-2.96723748842888,"MAP4K4"
"224661_at",54.0143764063934,156.858766899379,3.4596246534009,0.00069349623881789,0.00401449516753501,-2.97091316867564,"PIGY"
"213446_s_at",80.533093627377,192.072687490683,3.45887266838077,0.000695298972715085,0.00402322693758041,-2.97165662081444,"IQGAP1"
"204620_s_at",123.233959788524,397.276062478261,3.45750793734967,0.000698581876293798,0.00403880343516585,-2.97300555058066,"VCAN"
"209293_x_at",78.4155500708197,193.704381652174,3.45702278796227,0.000699752417511853,0.00404471544851047,-2.97348498473455,"ID4"
"39966_at",1266.93697888525,3647.81042130435,3.45622932446247,0.000701670807607289,0.00405323311208965,-2.97426899011204,"CSPG5"
"232953_at",18.8473586928524,49.4201922018634,3.45074585802065,0.000715063872926131,0.00411754789386374,-2.97968333104919,"PCMTD2"
"35776_at",234.318095913114,729.644602795031,3.44945194385243,0.000718258959977209,0.0041350751433878,-2.98095997478287,"ITSN1"
"222621_at",71.7061982245902,271.308773795031,3.44822169597417,0.000721309246481707,0.00414870429743187,-2.9821734621527,"DNAJC1"
"205288_at",20.1733327587705,42.2317594732919,3.44783141043717,0.000722279458857152,0.00415297396287883,-2.98255836132811,"CDC14A"
"1563431_x_at",503.578674085246,1158.38890826087,3.44738869253829,0.000723381494365445,0.00415887310246379,-2.98299492886581,"PTGIR"
"211494_s_at",75.1154938383443,152.823658695652,3.44459650095802,0.000730368369167116,0.00419242945766006,-2.98574734133733,"SLC4A4"
"1558738_at",28.107104244459,64.4068345708074,3.44452721368844,0.000730542547925707,0.00419254894592611,-2.98581561978339,"NOL3"
"1553186_x_at",2122.65932484754,3563.37499975155,3.44269091421959,0.000735172973325398,0.0042173520424474,-2.98762479924804,"RASEF"
"209815_at",327.549346572131,907.070899440994,3.44144339366388,0.00073833441102983,0.00423282310192471,-2.98885347368894,"PTCH1"
"209655_s_at",164.583753232459,490.220074832298,3.44093131826049,0.000739635786523665,0.00423850609246215,-2.98935771444969,"TMEM47"
"213779_at",96.3271878496722,276.464128639752,3.44081145717776,0.000739940708873659,0.004239809081709,-2.98947573337782,"EMID1"
"233254_x_at",32.2758411818033,77.8799968322981,3.43952919086193,0.000743210131263419,0.0042558665612513,-2.99073809525538,"PTEN"
"225080_at",41.4321234536066,103.325409686335,3.43902598199197,0.000744496870025047,0.00426196195678697,-2.9912333943316,"MYO1C"
"205609_at",41.2547537720656,95.9814158298137,3.43831396480224,0.000746321113984574,0.00427055017342822,-2.9919341246004,"ANGPT1"
"201792_at",73.7302707967869,145.409673619876,3.43817846657554,0.000746668745305091,0.00427209226135997,-2.99206746230421,"AEBP1"
"215250_at",28.7351240181967,61.5008724086956,3.43709405663816,0.000749456357328788,0.00428355909857323,-2.9931344361221,"EMC3"
"205013_s_at",51.5662980252459,137.618626852174,3.43670919652906,0.000750448031895792,0.00428788234339037,-2.99351304604174,"ADORA2A"
"233226_at",23.6148757471639,46.4994006975155,3.43649193567552,0.000751008394070355,0.00429063573101324,-2.99372676418479,"PTPN9"
"227727_at",51.3164245608032,83.3271732360248,3.43584109923789,0.000752689388488427,0.00429979023253628,-2.99436692589442,"MRGPRF"
"202096_s_at",41.8477965822295,97.5298101111801,3.43280789425459,0.000760570237676525,0.00433926360505495,-2.99734915450844,"TSPO"
"220578_at",24.6910448006885,58.6154698925466,3.43278460523532,0.000760631045100076,0.00433926360505495,-2.99737204431092,"ADAMTSL4"
"1557737_s_at",35.36462578,78.6320925745342,3.43269057570653,0.000760876601707072,0.00434021160128682,-2.99746446078787,"NKTR"
"1557685_at",25.2760178916394,63.4263824931677,3.42957651200269,0.000769051027950972,0.00437497294279673,-3.00052400563269,"ASAP1-IT2"
"235167_at",67.598686474377,171.72212822795,3.42820284965311,0.000772682991257914,0.0043910656425555,-3.00187294112991,"LOC100190986"
"203786_s_at",606.122674618034,1675.20397102484,3.42683590389617,0.000776313146242994,0.0044084878760735,-3.00321486889205,"TPD52L1"
"212917_x_at",96.0651485442624,302.979877282609,3.42598448213368,0.000778582310624525,0.00441953777340074,-3.00405050003723,"RECQL"
"1556690_s_at",42.0182442855738,140.367003610559,3.42532393271752,0.000780347051603981,0.00442909530223686,-3.00469868888387,"MZF1"
"1565844_at",19.1483500876557,43.9083637869565,3.42480417136865,0.000781738293526551,0.00443515006729939,-3.00520865664781,"BRPF3"
"230992_at",73.527929717705,180.074667826087,3.42470852571748,0.000781994560677793,0.00443614366103531,-3.00530249362021,"BTNL9"
"232180_at",280.873210519672,738.635034440994,3.42415129996537,0.000783489123282415,0.00444323906394212,-3.00584914207223,"UGP2"
"242417_at",26.4202769815902,57.4582825018634,3.42260235433191,0.000787657697975965,0.00446277224765205,-3.00736832631879,"PLEKHA7"
"225356_at",139.930886936229,422.533320944099,3.42035503272633,0.000793742722387203,0.00449340368799793,-3.00957152832995,"SFT2D2"
"210948_s_at",16.9413028390426,23.4999728137888,3.41912839498193,0.00079708261381984,0.0045081712951898,-3.0107736151123,"LEF1"
"225116_at",600.384058035082,944.718512521739,3.41811466001524,0.00079985274399631,0.00452290296597355,-3.01176681000845,"HIPK2"
"1554512_a_at",25.3801730197787,44.1003721177019,3.41700403024833,0.000802897999437099,0.00453730729914454,-3.0128546763268,"CEP89"
"226177_at",242.376268573771,855.370287621118,3.41404539936955,0.000811063404410209,0.0045754118485481,-3.01575133931078,"GLTP"
"201074_at",96.2674705360656,325.551765124224,3.41334030563639,0.000813020807285123,0.00458503482602518,-3.01644137998772,"SMARCC1"
"214499_s_at",126.422612607213,360.019272900621,3.41268416708066,0.000814846279572984,0.00459296085934566,-3.0170834120551,"BCLAF1"
"1554096_a_at",70.3062941224164,105.226631307081,3.41024020127544,0.000821679577317919,0.00462527858435676,-3.01947399795975,"RBM33"
"1552472_a_at",24.1584344491312,66.3737067161491,3.40795317638907,0.000828122640834576,0.004655794898471,-3.02170987574098,"ACAP2"
"239889_at",160.62538367377,532.918537478261,3.40525758015272,0.000835777475347825,0.00468842301451802,-3.02434370328071,"SERP2"
"201589_at",85.9414463778689,219.224602331056,3.40332801494816,0.000841297598929108,0.00471387028299334,-3.02622806634968,"SMC1A"
"202788_at",78.2798903860655,182.645602093168,3.40082194761144,0.000848517948490141,0.00475002638952187,-3.02867419659917,"MAPKAPK3"
"214739_at",54.4260172162295,149.05864551118,3.39956605066016,0.000852158154151141,0.00476641913843618,-3.02989953360668,"LRCH3"
"226047_at",620.005752596721,1222.53269154658,3.39792431612295,0.000856938753942741,0.00478972872335099,-3.03150079281565,"IRAG1"
"203704_s_at",52.0873270154098,128.650908552795,3.39557029223535,0.000863837301607364,0.00482286372565941,-3.03379573867553,"RREB1"
"212420_at",39.2629790040164,72.6554589217391,3.39363467210744,0.000869548607643611,0.00484880878357108,-3.03568186113611,"ELF1"
"202720_at",42.221277232623,107.412090504037,3.39262587124941,0.00087253919944059,0.00486250950253942,-3.03666453563573,"TES"
"231249_at",61.0228527596722,201.221809698758,3.3919275331393,0.000874615058868225,0.00487209152762305,-3.03734465567844,"SZT2"
"204094_s_at",249.133747865574,671.065916236025,3.38778710263294,0.000887018020922663,0.00493005234054563,-3.04137484891586,"TSC22D2"
"211112_at",24.766532617377,54.1168316565217,3.38602436959488,0.000892348202355557,0.00495421790858957,-3.04308949484588,"SLC12A4"
"224565_at",917.216402956557,1221.94164255901,3.38182891190865,0.000905155279308193,0.00501564456229608,-3.04716772411742,"NEAT1"
"208616_s_at",669.473614934426,2439.88716714286,3.3814137483363,0.000906431916321391,0.00502119199846728,-3.04757107454891,"PTP4A2"
"227654_at",53.2444849150819,78.5948048478261,3.37992263763667,0.000911031016157828,0.00504207114165697,-3.0490194408421,"RIPOR3"
"241717_at",597.87228382295,1153.57678598758,3.37936621470436,0.000912752801908611,0.00505057782049927,-3.04955978656235,"MOBP"
"210367_s_at",29.752038297377,93.0695208354037,3.37903211401683,0.000913788099462948,0.00505426042874423,-3.04988420069246,"PTGES"
"204842_x_at",246.762906778688,894.563002919255,3.37833423998438,0.000915954187412345,0.00506412742456436,-3.05056176119222,"PRKAR2A"
"207436_x_at",115.506101366557,351.527825496894,3.37803357940291,0.000916888868608765,0.00506742214576176,-3.0508536368223,"SORBS1"
"225372_at",69.7985301206066,130.765777914907,3.37793064532541,0.000917209070759357,0.00506805517370064,-3.05095355866358,"VSIR"
"229574_at",203.324224107705,591.053830217391,3.37711697368241,0.000919743883180716,0.00507846867429869,-3.05174333623523,"TRA2A"
"226134_s_at",256.896066604918,570.819206583851,3.37586150529121,0.000923667872194076,0.00509756141235602,-3.05296164773989,"MSI2"
"227095_at",123.877467497213,335.633592428571,3.37416367535415,0.000928999378765381,0.00512263339659124,-3.05460867040653,"LEPROT"
"205856_at",160.583961106066,226.502864913043,3.37079967124638,0.000939648096230278,0.0051704093589394,-3.05787011060389,"SLC14A1"
"203505_at",347.215432119672,499.67681226087,3.37054581781994,0.00094045628052212,0.00517402366044948,-3.05811612204674,"ABCA1"
"238725_at",28.6189755060164,54.3554231248447,3.36812394293204,0.00094819946745146,0.00520928515704467,-3.06046245848484,"IRF1"
"209729_at",97.2484750967215,379.70250636646,3.36722731628792,0.000951081239290868,0.00522249339743178,-3.0613307874824,"GAS2L1"
"205773_at",46.524220742623,125.206426274534,3.3665485996313,0.000953268088168151,0.00523134926433742,-3.06198796449259,"CPEB3"
"217985_s_at",36.7590610702951,80.0396869881988,3.36649049558939,0.00095345551972124,0.00523185272388185,-3.06204421977754,"BAZ1A"
"201060_x_at",202.622571857377,446.149704546584,3.36493320584779,0.000958491867794319,0.00525559018032202,-3.06355167891393,"STOM"
"201147_s_at",21.6493128608196,47.1305556236025,3.36406445984542,0.000961312229270973,0.00526780055898368,-3.06439239132276,"TIMP3"
"226228_at",2363.45037568853,4910.16566111801,3.36323634685552,0.000964007897469826,0.00527968865012148,-3.06519362504918,"AQP4"
"219359_at",28.3653013805902,77.3496478906832,3.36101434566733,0.000971275900412926,0.00531417090514127,-3.0673427467594,"PGGHG"
"219019_at",90.5018941998362,232.267797236025,3.36027006099685,0.000973721830829741,0.00532595449185835,-3.06806237302512,"PIDD1"
"222292_at",31.9614635670492,72.3369201478261,3.36009286386987,0.000974304998733035,0.00532861116392205,-3.06823368130887,"CD40"
"1552848_a_at",278.465642003279,660.718322285714,3.35982566918709,0.000975184972073332,0.00533175253594138,-3.06849198296701,"PTCHD1"
"209692_at",31.0890096304918,55.0558186993789,3.35832984537819,0.000980125022638321,0.00535241066847285,-3.06993772666841,"EYA2"
"237106_at",33.5131283390984,82.8479152099379,3.35598367322219,0.000987920538270651,0.00538637369664418,-3.07220434150361,"SLC11A2"
"226899_at",163.097471083607,474.943980086957,3.35331346953931,0.000996863185719675,0.00542755374220506,-3.07478250212865,"UNC5B"
"222834_s_at",57.4513239151639,105.971222031056,3.35272079807372,0.000998858304061947,0.00543679221250243,-3.0753545275941,"GNG12"
"229422_at",72.5126132829508,185.943868114907,3.35229536271972,0.00100029275296246,0.00544189117096741,-3.07576509422493,"NRDC"
"238545_at",32.0481335836557,94.8996848726708,3.35077184728459,0.00100544542508918,0.00546448594599911,-3.07723503129527,"BRD7"
"216310_at",54.4026288863934,161.407672708075,3.3506992427842,0.00100569159835425,0.00546473744186234,-3.07730506949662,"TAOK1"
"234362_s_at",19.6628331816393,41.3599718627329,3.34844270635432,0.00101337075878743,0.00549990532427069,-3.07948125717954,"CTLA4"
"227250_at",57.0332291506558,174.350312571429,3.3482851764392,0.00101390888529961,0.00550201991769568,-3.07963313531415,"KREMEN1"
"213342_at",40.5539251075738,77.3460112931677,3.34750002537383,0.00101659496662883,0.00551412001988406,-3.0803900341954,"YAP1"
"239243_at",70.4556213686557,217.623807147826,3.34670418298108,0.00101932440763844,0.00552727977661723,-3.0811570987139,"ZNF638"
"224906_at",116.102861916393,410.144699813665,3.34543608028825,0.00102368767402358,0.00554653885415115,-3.08237905314441,"ANO6"
"1554260_a_at",75.8104254896068,214.301680817391,3.34466890974883,0.00102633580577297,0.00555923421642925,-3.08311813010572,"FRYL"
"214394_x_at",1670.94964595082,4987.90342,3.34448691977124,0.00102696494014002,0.00556126082274675,-3.08329343629277,"EEF1D"
"232125_at",51.0547127235,96.8925228916149,3.34429251442964,0.00102763739203323,0.00556304028930414,-3.08348069367073,"ZBTB20"
"206133_at",50.8526774136065,129.665107937888,3.34290754281403,0.00103243995235218,0.00558842237351304,-3.0848144968696,"XAF1"
"203835_at",45.0903711105902,86.1661240590062,3.34213646832444,0.00103512282566724,0.0056007264219056,-3.08555689719171,"LRRC32"
"224562_at",146.552811854099,428.131778459627,3.33988309593803,0.00104300056946333,0.0056383286667399,-3.0877257081231,"WASF2"
"210068_s_at",54.563052945082,149.653122101863,3.33957949629617,0.00104406621785767,0.00564241578149334,-3.08801782757513,"AQP4"
"1570078_a_at",31.871201586623,44.3807756403727,3.3385059059357,0.00104784272985091,0.00565890964585129,-3.089050655663,"DOCK5"
"226342_at",248.041021386885,437.759341416149,3.33763244583237,0.00105092466227256,0.00567051277111933,-3.08989076113118,"SPTBN1"
"214888_at",39.52595237,96.8993961751553,3.33632905857263,0.00105553930218667,0.00569091917434732,-3.09114405758342,"CAPN2"
"221870_at",39.6991542502131,49.311451315528,3.33431000403242,0.00106272513625171,0.00572007253638141,-3.09308476373438,"EHD2"
"228170_at",834.281852931148,2117.67134616149,3.33426088281637,0.00106290052698368,0.00572045342187547,-3.09313196741096,"OLIG1"
"51192_at",49.5749575327869,173.035283055901,3.33320744421408,0.00106666841482522,0.00573847245700765,-3.09414415250433,"SSH3"
"206058_at",61.8461845209836,145.624918264596,3.33157916404781,0.00107251691311579,0.00576596482051188,-3.09570817702235,"SLC6A12"
"222152_at",46.9290868414753,122.895090932298,3.33011819704904,0.0010777899223812,0.00578521146732694,-3.09711098340442,"PDCD6"
"244308_at",32.6664020754754,62.5076100386335,3.32923723138875,0.0010809812439867,0.00580006374042915,-3.09795664603533,"LOC102724593"
"235435_at",116.897763160295,390.128019048447,3.32818674141799,0.00108479820342298,0.00581654817810644,-3.09896481132304,"AASDH"
"202040_s_at",108.58489432459,411.949401217391,3.32559520716108,0.00109426842855277,0.00585985566416481,-3.1014508692573,"KDM5A"
"228007_at",257.859399713115,940.305800621118,3.3238027451089,0.00110086369846999,0.0058917113071502,-3.10316949268351,"CEP85L"
"215071_s_at",82.2284445516394,259.181673142857,3.32227257404491,0.0011065232200326,0.00591389609533554,-3.10463605720314,"H2AC6"
"235652_at",47.6999559729344,121.037736982609,3.32198216773389,0.0011076003840385,0.00591849599269984,-3.10491433225597,"SCML1"
"215066_at",45.5733069982131,96.1420868950311,3.32126849390814,0.0011102516750464,0.00593150384338107,-3.10559811274222,"PTPRF"
"1557104_at",28.5913775153771,50.2542152173913,3.3209857130418,0.00111130384063152,0.00593596497523726,-3.10586901713218,"ZSCAN30"
"225693_s_at",105.276817683607,367.508005770186,3.32059413901738,0.00111276233830367,0.00594201395124064,-3.10624411572515,"CAMTA1"
"226898_s_at",25.8030302574754,58.8768578565217,3.32022295767735,0.00111414652841356,0.00594476055831084,-3.10659964773699,"SFPQ"
"1553764_a_at",18.0450397152197,34.9359856611801,3.31991871313765,0.00111528229951538,0.00594849865632652,-3.10689104189468,"AJUBA"
"229281_at",264.598711447542,751.516114596273,3.31828059588557,0.00112141612635587,0.0059777153854448,-3.10845961117799,"NPAS3"
"215978_x_at",1272.17732076393,3217.63011875776,3.3180821503676,0.00112216132726513,0.00598061729164558,-3.10864959038265,"ZNF721"
"231577_s_at",87.7307718707049,110.410756914907,3.31782783258006,0.00112311701485212,0.00598503146072513,-3.10889304518124,"GBP1"
"214020_x_at",110.359550327541,246.136468403727,3.31576310903262,0.00113090409394771,0.00602124660011598,-3.1108690354609,"ITGB5"
"243482_at",44.7021911450984,97.1478414608696,3.31552596997647,0.00113180167927794,0.00602543883296218,-3.1110959216683,"EPS15L1"
"212700_x_at",32.4594051422951,93.7628918440994,3.31474289911342,0.00113477037280509,0.00603712855241008,-3.11184504582774,"PLEKHM1"
"39313_at",43.8368457363442,107.53158465528,3.31445617651371,0.00113585918055467,0.00604233320654082,-3.112119304167,"WNK1"
"218166_s_at",80.6260923081968,291.952280695652,3.31295766125544,0.00114156555847422,0.00606855584925403,-3.11355237470164,"RSF1"
"225707_at",81.9609748027868,245.947510732919,3.31128412697732,0.00114797002329909,0.00609904392419373,-3.11515222116965,"ARL6IP6"
"238555_at",17.2454962898361,45.5339787689441,3.3110721965711,0.00114878344896051,0.00610277254876758,-3.11535477487936,"MRPS31"
"203395_s_at",46.8983581327868,156.859628956522,3.30699733983583,0.00116452840237143,0.00617131924858589,-3.11924736876039,"HES1"
"208859_s_at",409.992641357705,1205.08331547019,3.30613228879463,0.00116789669692568,0.00618687645619721,-3.12007324414657,"ATRX"
"1553909_x_at",75.4841754138524,178.64239533354,3.30538050372465,0.00117083134017306,0.00620001971176387,-3.12079084557893,"SLF2"
"235200_at",56.9787287475411,189.664704602484,3.30530393439461,0.00117113061929641,0.00620100393279401,-3.12086392613034,"ZNF561"
"209348_s_at",156.760501801639,463.046565403727,3.30524898515145,0.0011713454380559,0.00620154079846095,-3.12091637086757,"MAF"
"41387_r_at",64.4176518934429,236.364700515528,3.30467687382038,0.00117358423650373,0.00621098810675068,-3.12146236562002,"KDM6B"
"1565867_a_at",31.2857177841967,76.5391301391304,3.30356804524134,0.00117793469652501,0.00623220239331379,-3.12252036588673,"ZC3H11A"
"219622_at",47.5719954159017,98.5495348937888,3.30251893488202,0.00118206469743532,0.00625163352024336,-3.1235211292074,"RAB20"
"41644_at",346.633160733934,812.960525670807,3.30201432302553,0.00118405599404074,0.00626034827136422,-3.12400239787023,"SASH1"
"222610_s_at",33.7156919339344,102.518312697516,3.30123848126117,0.00118712372028795,0.00627353464205913,-3.12474223696658,"S100PBP"
"227259_at",1041.16785162295,2624.94842397516,3.30035659804102,0.00119061974148377,0.0062889705695706,-3.12558303118042,"CD47"
"232695_at",46.6052564509836,132.734450714286,3.29884100065317,0.00119665041353312,0.00631960411087833,-3.12702760183159,"KIF6"
"202171_at",60.0161386647541,178.618168645963,3.29852644691903,0.00119790560976392,0.00632440027171132,-3.12732734915684,"VEZF1"
"233813_at",85.3453954068853,209.86813097764,3.29741501814371,0.00120235049821004,0.00634296733786511,-3.12838628213079,"PPP1R16B"
"1553551_s_at",13541.6884413935,41188.3218931677,3.29702100819609,0.0012039299338383,0.00635007419762775,-3.12876161470624,"MT-ND2"
"232807_at",45.9056656285246,157.34872410559,3.29501584858167,0.00121199787198196,0.00638769844328261,-3.13067117788409,"FAM131A"
"203409_at",27.2399555353278,84.6738203602484,3.29415374967129,0.0012154820752795,0.00639742803868953,-3.13149189580357,"DDB2"
"213328_at",206.285117743771,614.825002751553,3.29330597599113,0.00121891748769972,0.00641365736117624,-3.1322988117254,"NEK1"
"201859_at",477.225485191803,859.528020347826,3.29302350120789,0.00122006416245524,0.00641783799136428,-3.13256763665766,"SRGN"
"203568_s_at",35.800580091541,81.1586569024845,3.29248051437974,0.00122227118177005,0.00642697411649137,-3.13308433423417,"TRIM38"
"34206_at",49.7296694118034,168.819319931677,3.29134009024917,0.00122691866227129,0.00644474830617506,-3.13416932579119,"ARAP1"
"220828_s_at",43.3904715478689,97.0540105180124,3.29076707767916,0.0012292600283422,0.0064537922075677,-3.13471437454706,"LINC01949"
"203238_s_at",44.3231742772131,104.180680244099,3.29021705400464,0.00123151137758484,0.00646499131727808,-3.13523748619832,"NOTCH3"
"227376_at",74.250391112787,207.13272931677,3.28864378564812,0.00123797229641499,0.00649267484954338,-3.13673339717734,"GLI3"
"235507_at",131.647628288525,428.166368534162,3.28834165029539,0.00123921668221117,0.00649784558316199,-3.13702061225053,"PCMTD1"
"208779_x_at",160.341448490164,447.764116204969,3.28707344976055,0.00124445266827224,0.00651915776926171,-3.13822595939068,"DDR1"
"236847_at",28.2223367288852,75.1732393080745,3.28664747381109,0.00124621600521481,0.00652714437064083,-3.13863074154789,"C19orf18"
"238736_at",133.180890532295,414.539239757764,3.28642606528588,0.0012471334502628,0.00653007291640669,-3.13884111794394,"REV3L"
"206585_at",19.2064514083606,45.593314026087,3.28599068793639,0.00124893934893039,0.00653639886118206,-3.13925476925042,"MKRN3"
"230058_at",58.8282875668851,178.79795026087,3.28561731278128,0.00125049001015754,0.00654326168105689,-3.13960947806846,"ENTR1"
"212629_s_at",212.442819416951,720.569939126708,3.2854154705121,0.00125132902660878,0.00654639886420775,-3.13980121634188,"PKN2"
"225573_at",106.662871391803,427.515256186335,3.28466607538276,0.00125444869901258,0.00656083629409919,-3.14051301660068,"ACAD11"
"233241_at",46.5681957278196,126.410461221739,3.28454950393655,0.00125493462765157,0.00656212229981348,-3.14062372854161,"KIZ"
"208991_at",149.182393952459,376.526924167702,3.28368806956096,0.00125853096275547,0.00657715354508273,-3.14144176686402,"STAT3"
"226992_at",29.5865996884426,66.8295224993789,3.2833211961001,0.00126006550850906,0.00658328539682111,-3.14179010730331,"NOSTRIN"
"202863_at",26.844651105082,65.6116905434783,3.27849349784834,0.00128042175536679,0.00667751425740931,-3.14637107739068,"SP100"
"224631_at",102.829832394475,293.593867803106,3.27704823251035,0.00128657513322893,0.00670129517093378,-3.14774144844072,"ZFP91"
"203394_s_at",95.9048413139344,174.089361354658,3.27537968141693,0.00129371343614538,0.0067327034191175,-3.14932294305451,"HES1"
"225692_at",224.19885132459,645.229786397516,3.27481463690876,0.00129613912967989,0.00674340155250241,-3.14985836271915,"CAMTA1"
"240242_at",287.453762329508,567.324204291925,3.2742219024417,0.0012986882472759,0.00675473553270642,-3.15041994242389,"ATP13A4"
"219327_s_at",60.6884641252459,140.740286029193,3.27396643208551,0.00129978836431423,0.00675981440301344,-3.1506619603019,"GPRC5C"
"231994_at",41.2214678840329,83.4439042832298,3.27234892670497,0.0013067739068662,0.0067916219921967,-3.15219394646384,"CHDH"
"203854_at",39.2065386273443,73.4164548068323,3.27132723597131,0.00131120430116711,0.00680946952567553,-3.15316131208502,"CFI"
"232746_at",47.7627100313115,95.1710076012422,3.27066671814913,0.00131407597059607,0.00682114342469762,-3.15378658236308,"ACKR3"
"1559038_at",123.117227465574,371.749347552795,3.26957786531846,0.0013188226621464,0.00683937737259745,-3.15481711305495,"SEPTIN2"
"227969_at",23.6920862678689,61.0024257049689,3.26935331522121,0.00131980353900844,0.00684242921442123,-3.15502960196811,"PCBP1-AS1"
"224875_at",35.44433084,96.3632681729814,3.26865589510696,0.00132285433478644,0.00685694546401674,-3.1556894884692,"C5orf24"
"1563088_a_at",38.1906125207049,63.2784188043478,3.26653536787527,0.00133217076627119,0.00689673673382039,-3.15769521206651,"AATBC"
"213310_at",41.3437455835081,120.558972253416,3.2651531304955,0.00133827641565893,0.00692244683312699,-3.15900206384916,"AGO2"
"226474_at",69.8178156599507,154.566079271429,3.26435324143072,0.00134182159667095,0.00693750314874557,-3.15975812870652,"NLRC5"
"239999_at",106.654275395082,337.560306254658,3.26380020460565,0.00134427781751196,0.00694691773841839,-3.16028078042165,"MIR99AHG"
"217844_at",70.7448948565575,188.006350875776,3.26264668377406,0.00134941446753789,0.00696951029781165,-3.16137069942897,"CTDSP1"
"223748_at",104.606222239508,244.543938914907,3.26251333498515,0.00135000944928195,0.00697126621075656,-3.16149667615446,"SLC4A11"
"221012_s_at",366.706441570491,1439.59562236025,3.26057446768534,0.00135868801867343,0.0070101224328555,-3.16332789611044,"TRIM8"
"202269_x_at",54.9427907160984,82.5400182124224,3.25967061079031,0.00136275150210771,0.00702777196545362,-3.16418127668251,"GBP1"
"212386_at",2171.19297201639,6803.27720434783,3.25907048340129,0.00136545575133051,0.00703906215387475,-3.16474778653513,"TCF4"
"1560445_x_at",75.5730398081967,246.280349170186,3.2589998724359,0.00136577426148566,0.007040040326834,-3.16481443665008,"ARHGEF1"
"1568639_a_at",18.0351518775082,34.1426561583851,3.25525601539475,0.00138276135747346,0.00711619702747188,-3.16834665331298,"GATA2-AS1"
"205415_s_at",38.1152700895082,131.214753971429,3.25271282570384,0.00139441259036461,0.00716738820891089,-3.17074424773934,"ATXN3"
"209960_at",111.159612151639,167.919294459627,3.2521805855522,0.00139686250127244,0.00717593321968154,-3.17124583033358,"HGF"
"241140_at",37.6004170021311,118.567913202484,3.25211514152366,0.00139716401774004,0.00717680784197076,-3.17130750024479,"LMO7"
"212720_at",46.1308605590165,144.245461262733,3.2502431576043,0.0014058143915836,0.00721309936477739,-3.17307111281715,"PAPOLA"
"232879_at",10.6523277033098,22.1825627853416,3.24909704113415,0.00141113513028457,0.00723362209340979,-3.17415048319876,"CRTC3"
"209465_x_at",291.285304729508,690.502198291925,3.24905227684158,0.00141134332412567,0.00723401108526961,-3.17419263445965,"PTN"
"206283_s_at",43.6372841478032,114.95380220559,3.24892958508024,0.00141191409667516,0.00723558002021878,-3.17430816196618,"TAL1"
"212567_s_at",122.007751118033,335.424645956522,3.24796456931967,0.00141641092759067,0.00725250678647873,-3.17521670799978,"MAP4"
"243066_at",32.236968264918,91.3293759503106,3.24725665286326,0.0014197181845166,0.00726671894200011,-3.17588306371026,"NPL"
"1558088_a_at",13.0112099405738,22.8129645919255,3.24495019757786,0.00143054343745008,0.00731391083248392,-3.17805331365255,"UBE2I"
"226876_at",107.200501860656,317.040928785714,3.24467341316121,0.00143184766259272,0.00731947588112928,-3.17831367089689,"RFLNB"
"240383_at",89.2510410045901,242.414267970807,3.24446287287751,0.00143284048209895,0.00732265312848731,-3.1785117038391,"UBE2D3"
"216060_s_at",521.761492608196,1736.49686173913,3.24442051783395,0.00143304028806038,0.00732265312848731,-3.17855154151385,"DAAM1"
"204517_at",82.6400185596722,184.124788254658,3.24440954278279,0.001433092066068,0.00732265312848731,-3.17856186419659,"PPIC"
"203042_at",198.075168240984,521.528672267081,3.24408928495537,0.00143460374258285,0.00732918703286466,-3.17886307340365,"LAMP2"
"218266_s_at",109.015677881869,324.396460840994,3.2432425430377,0.00143860767192557,0.00734552432410631,-3.17965933864152,"NCS1"
"214265_at",73.8731558578689,137.940480809938,3.2416361960398,0.0014462320790227,0.00737756474347508,-3.18116947483079,"ITGA8"
"212450_at",307.396773545901,1175.04146076398,3.24122464942694,0.00144819149514709,0.00738687097650593,-3.18155627694196,"SECISBP2L"
"1560897_a_at",25.5362434256557,54.1981538006211,3.24033375595786,0.00145244159432051,0.00740440505076678,-3.18239347174459,"KRTAP10-11"
"209201_x_at",17.1942709140492,31.0558501981366,3.23824240351914,0.00146246423979407,0.0074471670215834,-3.18435805200138,"CXCR4"
"239435_x_at",69.3881959093442,234.660406689441,3.23761309604299,0.0014654927164658,0.00745980954033775,-3.18494901600381,"SHROOM1"
"227152_at",64.5544373712622,162.62118468882,3.23451549325369,0.00148048481674034,0.00751792582476812,-3.18785655720595,"RESF1"
"212412_at",323.327598996722,852.675574453416,3.23129314918046,0.00149623193995395,0.00758585695441776,-3.19087884593078,"PDLIM5"
"209307_at",56.1953958308196,146.405866114907,3.23083451861624,0.00149848582065631,0.00759514377267544,-3.1913088088997,"SWAP70"
"242297_at",37.2540158555738,91.2981062173913,3.22907676268725,0.00150715335631818,0.00763279082592596,-3.19295624484664,"RREB1"
"226364_at",55.2915300863934,168.083186254658,3.22871861490661,0.0015089250986848,0.00763893331209179,-3.19329182745156,"HIP1"
"1563827_at",24.896993555459,47.9725842,3.22706540155166,0.0015171286080166,0.00767690945333712,-3.19484049717483,"LOC158434"
"1557366_at",18.3958017869836,37.4999665018634,3.22666444338367,0.00151912446530655,0.00768558620714682,-3.19521600532245,"CCDC144CP"
"203910_at",141.570195404918,395.06460068323,3.2266177661367,0.00151935697012215,0.00768605128991751,-3.19525971741946,"ARHGAP29"
"241727_x_at",81.3479121201639,295.339097900621,3.22469116983339,0.00152898248684692,0.00772545212719299,-3.19706348998712,"DHFR2"
"220459_at",32.3929969737705,97.9905512229814,3.22458104083052,0.00152953441448666,0.00772752671521512,-3.19716657225822,"MCM3AP-AS1"
"226547_at",157.035641677049,665.03374726087,3.22378561563963,0.00153352630797191,0.00774554742617683,-3.19791101830287,"KAT6A"
"229468_at",53.8938990852459,239.079125596273,3.22180428487585,0.00154351189500833,0.00778950644817984,-3.1997647310535,"CDK3"
"229311_at",31.9546456137704,86.9211648975155,3.22097219674798,0.00154772347934603,0.00780774153440273,-3.20054295447572,"GKAP1"
"228693_at",80.5983378616393,270.191404515528,3.22082992362257,0.00154844465816767,0.00780935445856629,-3.20067600166518,"CCDC50"
"1560089_at",76.2253469590163,243.207370540373,3.21991486902651,0.00155309051672796,0.00782845247553252,-3.20153160653087,"SLC25A25-AS1"
"222598_s_at",34.0120360862787,114.285782349068,3.2196090179218,0.00155464625184935,0.00783557188604931,-3.20181754390695,"NAV2"
"223580_at",24.1655597829508,71.3017857385093,3.21607884935667,0.00157270787541282,0.00791056146165556,-3.2051163045911,"SPSB2"
"226028_at",72.5863176049182,147.935111614907,3.21423558169301,0.00158221601440623,0.00795028850638144,-3.20683760082001,"ROBO4"
"201209_at",137.937440858197,371.754366596273,3.21212220021232,0.00159318320541631,0.00800033411164986,-3.20881017205581,"HDAC1"
"202748_at",69.8455925819672,156.393411459006,3.20955528719384,0.0016065989501381,0.00805878877053217,-3.21120466981515,"GBP2"
"239001_at",52.172791322,120.447032748447,3.20748316289685,0.00161750520740322,0.00810086078728325,-3.21313650255272,"MGST1"
"238506_at",24.3142527868852,64.8393367776398,3.20616533812324,0.0016244770827919,0.00812982009168395,-3.21436458874789,"LRRC58"
"244673_at",16.2097145826885,36.2341797248447,3.20324247526537,0.00164004005700812,0.00819394217254985,-3.21708698327629,"SANBR"
"201615_x_at",70.239689517705,167.738977608696,3.20322379966742,0.00164013994022593,0.00819394217254985,-3.2171043716307,"CALD1"
"219267_at",43.155382644918,117.24188988882,3.20287116431363,0.00164202701059897,0.00820113517899871,-3.21743268591773,"GLTP"
"229467_at",118.694072793607,256.667374596273,3.20130627451292,0.00165042561929993,0.00823180265783832,-3.21888929895004,"PCBP2"
"1569608_x_at",327.492072429508,927.409216881988,3.20028057516134,0.00165595207302576,0.00825520562824295,-3.21984372132965,"LOC105379426"
"235645_at",57.8823343755738,190.887643416149,3.20011649201284,0.00165683774368117,0.00825851067880098,-3.21999637956411,"ESCO1"
"217762_s_at",428.488968585246,1043.03667962733,3.19894527432871,0.00166317240731201,0.00828555365556122,-3.22108586570836,"RAB31"
"235146_at",62.3885381400001,197.357964807453,3.19850206080181,0.00166557543866075,0.00829522891533,-3.22149806744809,"TMCC3"
"227039_at",55.9757276034426,167.748902679503,3.1982006884488,0.00166721127153171,0.00829962453528148,-3.22177832670029,"AKAP13"
"223786_at",35.3653980782787,49.7630469596273,3.19722610690794,0.00167251146682481,0.00832297846988684,-3.22268448842928,"CHST6"
"217212_s_at",18.5187130875738,56.6821323,3.19543931126253,0.00168226949498761,0.00836316463342858,-3.22434527180784,"IL9R"
"206960_at",28.0677961357213,62.3721642521739,3.19439024050511,0.00168802327159052,0.00838795531893225,-3.22532001302068,"LPAR4"
"203632_s_at",1072.46009109344,2396.25878978882,3.19382218641967,0.00169114646496646,0.00840118416972935,-3.22584771245073,"GPRC5B"
"1553335_x_at",26.4243095288524,56.6987669453416,3.19346385966409,0.00169311932439273,0.00840945667343499,-3.22618054513825,"BASP1-AS1"
"244622_at",28.2642129237213,81.5180952571429,3.19289315786359,0.00169626588123115,0.00842278966999483,-3.2267105814453,"BRWD1"
"200916_at",41.1485408191803,90.2444081385093,3.18992461303109,0.00171272066234057,0.00849369634589304,-3.22946638361782,"TAGLN2"
"204061_at",52.7046583289181,93.4433093217391,3.18775801150469,0.00172482364245314,0.00854029517401112,-3.23147642362588,"PRKX"
"225117_at",201.246955518032,904.088514099379,3.18773925702647,0.00172492875366447,0.00854029517401112,-3.23149381812428,"KANSL1"
"1568702_a_at",71.2192761854099,197.464558795031,3.18687605988711,0.00172977306163569,0.00856195384256123,-3.23229433221152,"PAAF1"
"213260_at",106.845846139344,197.145011950311,3.18654665990952,0.00173162499833163,0.00856879326489109,-3.23259976644789,"FOXC1"
"1559589_a_at",28.8759573277049,70.9584719844721,3.18625374543387,0.00173327335369199,0.0085742417869007,-3.23287134855003,"ERCC6L2"
"212897_at",98.0397453752459,259.594876900621,3.18623953639265,0.00173335335108575,0.0085742417869007,-3.23288452226866,"CDK19"
"210600_s_at",51.6230601023442,116.287772046584,3.18353079267842,0.00174866642427514,0.00864373354554229,-3.23539504052033,"GRK4"
"203230_at",123.231182616393,557.259332198758,3.18305296936414,0.00175138064774557,0.00865245657499675,-3.23583771994229,"DVL1"
"223980_s_at",52.3637143616393,138.108863585714,3.18104204888151,0.00176284636981584,0.00869966831570366,-3.23770015576419,"SP110"
"204236_at",25.5353921563279,51.402142742236,3.18088078964984,0.00176376883648391,0.0087025014610093,-3.23784946704259,"FLI1"
"225655_at",32.2391193208525,73.0960698459627,3.18047272917899,0.00176610510521915,0.00871260458611001,-3.23822726665947,"UHRF1"
"1568986_x_at",143.448581766066,360.120102155279,3.17700608698578,0.0017860688078514,0.00879363458525667,-3.2414352686327,"PIGT"
"232865_at",73.9202068059016,235.17346478323,3.17654648215955,0.00178873124421082,0.00880365647580774,-3.24186037325471,"AFF4"
"215698_at",37.606883077377,119.936107213043,3.17591992606648,0.00179236674123902,0.00881670279597329,-3.24243981778145,"KDM5A"
"1560741_at",63.6997070840983,212.631258701863,3.17354569778276,0.0018062051369299,0.00887120606015472,-3.24463469565449,"SNRPN"
"204422_s_at",61.5695525216393,142.248688586335,3.17327827808375,0.00180777001104782,0.00887729704994067,-3.24488183210548,"FGF2"
"236709_at",25.1574929642623,59.8384962832298,3.17324215516479,0.00180798148985251,0.00887753820904228,-3.24491521389691,"CTXND1"
"1556354_s_at",17.3022645711738,30.7990143552795,3.17317174787338,0.00180839374979498,0.00887796787914524,-3.24498027757504,"RGL3"
"225582_at",38.4782332627869,98.4176633329193,3.17276785356501,0.00181076038126735,0.0088879902904922,-3.24535349572319,"ITPRIP"
"218691_s_at",29.3991835898361,50.235316568323,3.17235531940488,0.00181318060387115,0.00889667499925112,-3.24573465830173,"PDLIM4"
"218062_x_at",104.328275720492,304.258810484472,3.16915390180158,0.0018320646734008,0.00897483523144779,-3.24869127330582,"CDC42EP4"
"244834_at",56.3702215713116,189.86840796087,3.1658391032927,0.0018518096318848,0.00905396248538324,-3.25175008234964,"CPLANE2"
"212178_s_at",71.190947542951,294.961767217391,3.16074838928621,0.00188251759524511,0.00918004366036623,-3.25644266929744,"POM121"
"212005_at",23.8625929517213,42.6008558086957,3.15935156960505,0.00189102559350949,0.00921660049252374,-3.25772919100465,"SZRD1"
"1568857_a_at",34.326487050377,121.953579852795,3.15919071186578,0.00189200766018512,0.00922056500763181,-3.2578773175749,"NBR1"
"225079_at",24.2385860866721,61.2455540944099,3.15874916268478,0.00189470583158451,0.00922960097486485,-3.25828388905622,"EMP2"
"240432_x_at",61.313608957705,190.430639192547,3.15856788825198,0.00189581457645959,0.00923335666915445,-3.2584507904934,"KLF7"
"215847_at",26.8941146154754,40.3023500043478,3.15833745305601,0.00189722487595712,0.00923857945252545,-3.25866294372579,"HERC2P3"
"227066_at",35.2878538255738,105.356692465217,3.15661908882729,0.00190777224170669,0.00927754578985265,-3.26024458748609,"MOB3C"
"230061_at",32.981569097377,64.9311715569565,3.15566890062006,0.00191362783472627,0.00930230883895326,-3.26111887838459,"TM4SF18"
"208795_s_at",73.8176428685247,226.019315931677,3.15531791001369,0.00191579504616915,0.0093099363744821,-3.26144177986961,"MCM7"
"208451_s_at",140.258216122951,305.869059301242,3.15500958254306,0.00191770070847633,0.00931588504983947,-3.26172540871213,"C4A"
"1553946_at",11.8940308430328,19.084471878882,3.15420781840486,0.00192266435511708,0.0093355104319909,-3.26246284336118,"DCD"
"221290_s_at",143.020607308197,520.555265838509,3.15316172817398,0.00192915850655944,0.00936239493574802,-3.26342477464967,"PWWP3A"
"222072_at",37.7039679062295,105.419759180124,3.14849328496351,0.00195838887237974,0.0094794431906617,-3.26771451718213,"ADD3-AS1"
"244403_at",146.113866190164,338.571116565217,3.14650707547756,0.00197094906854486,0.00953052448241711,-3.26953806016512,"CRB1"
"242446_at",23.4714938604098,58.3247448397516,3.1448723075973,0.00198134280648791,0.00957231757044504,-3.27103825082276,"C6orf163"
"213905_x_at",158.017076590328,248.140221060248,3.14441182398058,0.0019842796821767,0.00958311912578493,-3.27146071354846,"BGN"
"200600_at",75.6070599090163,194.93861231677,3.14399348489778,0.00198695126400956,0.0095943266236618,-3.27184446843567,"MSN"
"219163_at",82.9931772737705,380.36069673913,3.14257243742205,0.00199605121168507,0.00963571428561551,-3.27314773133423,"ZNF562"
"240310_at",28.6477920234426,87.5489381484472,3.14138134707105,0.00200370831187917,0.00966414537332334,-3.27423973268961,"TOR1AIP1"
"222599_s_at",63.3695938062951,198.592850890683,3.14020522032007,0.00201129590808873,0.0096939001917094,-3.2753176889571,"NAV2"
"212451_at",474.383044819672,1310.38660310559,3.13926339334898,0.00201739113687309,0.00971899377993972,-3.27618066842095,"SECISBP2L"
"214097_at",77.4719027975409,289.643139136646,3.1377780863122,0.0020270383866645,0.00975773232883267,-3.27754120633481,"RPS21"
"202330_s_at",80.1113715885243,291.487048204969,3.13625206162841,0.00203699459051393,0.0097953822699868,-3.27893850247641,"UNG"
"214114_x_at",148.469135558197,633.565844875776,3.13543239050333,0.00204236102773268,0.00981593611034495,-3.27968880425466,"FASTK"
"236533_at",39.6853460752131,111.353769309317,3.13487693424085,0.00204600507341539,0.00983172151423684,-3.28019716222071,"ASAP1"
"203112_s_at",56.7981533524591,244.363202267081,3.13381662192457,0.00205297792711406,0.00986176139210693,-3.28116736734839,"NELFA"
"229975_at",257.6429631,674.19325815528,3.13110771178561,0.00207089238477422,0.00993123771051051,-3.28364487074033,"BMPR1B"
"238906_s_at",30.3705358760492,64.1490454024845,3.12952485453475,0.00208142696037579,0.00997563280667482,-3.28509171560762,"RHOJ"
"225175_s_at",85.8941834555738,212.791217440994,3.12923325624158,0.00208337307254514,0.00998233482967362,-3.28535819310631,"SLC44A2"
"222453_at",158.601667118033,392.365544329193,3.12866719461277,0.00208715574931264,0.0099969549359324,-3.28587543224744,"CYBRD1"
"1555920_at",45.6148632096722,126.463345054037,3.12778614933956,0.0020930559397087,0.0100211561019232,-3.28668033803079,"CBX3"
"1552611_a_at",29.8581942927869,90.9083452608696,3.12752194995545,0.00209482823925422,0.0100257995431744,-3.2869216698716,"JAK1"
"228152_s_at",30.5380268583606,52.932213547205,3.1247896166024,0.00211323890555994,0.0101012398395723,-3.28941654589,"DDX60L"
"204258_at",70.7057859918034,254.518321770186,3.12437753334517,0.0021160285157323,0.0101113318561146,-3.28979266407797,"CHD1"
"236653_at",36.5024475929508,107.690334774534,3.12431323735143,0.002116464076707,0.0101125293536621,-3.2898513449575,"LINC00662"
"228176_at",62.3776281878689,150.517978111801,3.12265348839025,0.00212773649256242,0.0101575126805946,-3.29136580765344,"S1PR3"
"237238_at",24.7261396576394,52.5548784173913,3.12205088141833,0.00213184291351189,0.0101726751000404,-3.29191550495853,"WWC1"
"1556364_at",44.4813730652459,132.935908042857,3.12192086785691,0.00213272984283588,0.0101760192125885,-3.29203409195254,"ADAMTS9-AS2"
"239742_at",364.038344979837,805.450841869565,3.12115787617877,0.00213794172274704,0.0101973273742645,-3.29272994600263,"TULP4"
"202023_at",71.1216537040983,240.497525434783,3.12058155501746,0.00214188629673663,0.0102134688011578,-3.29325546430472,"EFNA1"
"1564208_x_at",324.862953593443,908.403775652174,3.12048539387584,0.00214254511760668,0.0102143301522952,-3.29334314120425,"LINC00957"
"227461_at",179.83753877377,496.403441068323,3.12021186288623,0.0021444201634433,0.0102193125107873,-3.29359252680725,"STON2"
"235789_at",38.9129667940164,95.4734754335404,3.11909565272237,0.00215208750098114,0.0102487051751715,-3.29461002316507,"KDM4B"
"235133_at",87.6758171475409,295.914396136646,3.11826012659554,0.00215784339135616,0.0102743261710701,-3.29537146618794,"ZDHHC14"
"1558844_at",15.6287817678688,45.4581999403727,3.11814602798593,0.00215863051456983,0.0102771789780656,-3.29547543532204,"GVQW3"
"1557275_a_at",33.0847537027869,58.8594431285714,3.11792716649023,0.00216014110104659,0.0102834753765539,-3.29567485809262,"TLCD2"
"215467_x_at",124.570742057377,340.727090155279,3.11710790230115,0.0021658043675681,0.0102996741581966,-3.29642125712146,"DHX9-AS1"
"200696_s_at",162.403452908853,331.592470012422,3.1157240823995,0.00217540140808872,0.0103417156757891,-3.29768164123352,"GSN"
"233638_s_at",15.0190574456557,37.6456884484472,3.11509458247378,0.0021797801116222,0.0103589289528852,-3.29825484084947,"POMGNT1"
"212356_at",61.1112954421312,183.743970689441,3.11456470570332,0.00218347217154482,0.010373769636706,-3.29873725485869,"KHNYN"
"230214_at",136.749822235082,278.215125890683,3.1140595778392,0.00218699717285703,0.0103878090892154,-3.29919707517538,"IRAG1"
"238886_at",61.7261389047542,178.677614596273,3.11401021743839,0.0021873419133832,0.0103885440509231,-3.29924200495851,"TMED10"
"225701_at",26.8663027615082,61.5692672428571,3.11281534511253,0.00219570243791919,0.0104182965194161,-3.30032944958827,"AKNA"
"205092_x_at",43.557935104754,134.411262862733,3.11039783139529,0.0022127082780427,0.0104880645948838,-3.30252858142542,"ZBTB1"
"235110_at",86.7712800573769,315.308889447205,3.11029060181697,0.00221346539196306,0.0104889253168296,-3.302626092673,"PLAAT3"
"209130_at",80.6627162278691,283.043908652174,3.11016139354151,0.00221437800882115,0.0104923405522399,-3.30274358706084,"SNAP23"
"233893_s_at",137.668363409181,423.385457204969,3.10956647453221,0.00221858450096175,0.0105095397322894,-3.30328452050498,"UVSSA"
"228780_at",394.377097803279,1168.15737732919,3.10931491585582,0.00222036541874022,0.0105170648245362,-3.30351322651634,"POU3F3"
"1558154_at",34.0932341702459,64.3227758596273,3.10766762927064,0.00223206015789775,0.0105587375958695,-3.30501049741054,"LLGL2"
"206915_at",52.200890757082,117.460555418634,3.10745578235085,0.00223356827069686,0.0105649576261226,-3.30520300529178,"NKX2-2"
"241854_at",19.215036967541,46.5037283223602,3.10672437561463,0.00223878231454663,0.0105859571951775,-3.30586756207428,"DNASE1"
"235122_at",163.004648926229,691.946489130435,3.10657443960392,0.00223985256610263,0.0105891862560883,-3.30600377845998,"HIVEP3"
"1568943_at",17.1992847816557,37.4507752180124,3.10628990396347,0.00224188489847659,0.0105960457144025,-3.30626226358216,"INPP5D"
"226545_at",47.1243369980328,138.533208614907,3.10582142364782,0.00224523479544665,0.0106091273391276,-3.30668781076217,"CD109"
"205048_s_at",33.5892345714754,64.6138965443478,3.10534907950198,0.00224861700730387,0.0106232726928488,-3.30711681520039,"PSPHP1"
"235141_at",46.2005080406557,117.98533786646,3.10363177874956,0.00226095345638414,0.010669241241095,-3.30867610173199,"MARVELD2"
"225418_at",41.2777959977049,104.645977269565,3.10246787342444,0.00226935007165823,0.010700880997664,-3.30973251631642,"NECTIN2"
"235476_at",53.7203127269672,98.0373240857143,3.10173712759975,0.00227463652447351,0.010721185515137,-3.31039561159773,"TRIM59"
"201249_at",22.4352168525246,45.0033872111801,3.10159286416824,0.00227568151804111,0.0107233376711969,-3.31052650457837,"SLC2A1"
"217834_s_at",64.3379599370491,151.35127542236,3.10138068589582,0.00227721926944708,0.0107268858065839,-3.31071900905909,"SYNCRIP"
"205068_s_at",92.0392726721309,320.418949434783,3.10120800739904,0.00227847145732224,0.0107318596596393,-3.3108756684443,"ARHGAP26"
"203060_s_at",175.150687799016,366.480044321118,3.10065360747069,0.00228249602444875,0.0107471124816341,-3.3113785899193,"PAPSS2"
"236700_at",21.5174338610983,53.0440567981366,3.09811630112343,0.0023009991633004,0.0108211877905943,-3.31367936882361,"EIF3C"
"227064_at",298.683981150819,994.944003763975,3.09657331294653,0.00231231900959824,0.010862276986836,-3.31507777519708,"ANKRD40"
"208247_at",112.605111726065,318.076225347826,3.09637819416817,0.00231375412326921,0.0108680847671601,-3.31525457074285,"ERC2-IT1"
"1557293_at",35.7767563433016,90.0978270449689,3.09622339308777,0.00231489328288196,0.0108719858340876,-3.31539482833973,"MIR570HG"
"242274_x_at",21.3250550185246,60.3359372993789,3.09621129492309,0.00231498233343297,0.0108719858340876,-3.31540578964902,"SLC25A42"
"201250_s_at",150.04458485082,410.49326736646,3.09486405496551,0.00232491875239404,0.0109130265098853,-3.31662621377427,"SLC2A1"
"241625_at",15.7287538361639,29.5633008304348,3.09421526240462,0.0023297179012156,0.0109308612588143,-3.31721378216095,"LOC389834"
"220411_x_at",61.4766739170491,199.506368736646,3.09301732231919,0.00233860319149613,0.0109678443553826,-3.31829841515276,"PODNL1"
"223216_x_at",52.512180089459,153.569443872671,3.09074114569783,0.00235557227122195,0.01103417699872,-3.32035836338621,"ZNF395"
"229035_s_at",24.6149416496721,97.7007448136646,3.09021931430951,0.00235947856764267,0.0110459667349983,-3.32083044977919,"KLHDC4"
"220298_s_at",24.242575707541,57.4336723919255,3.08845978855851,0.00237269409662129,0.011096317657409,-3.32242176836397,"SPATA6"
"223168_at",299.175200916393,915.358993142857,3.08791434587473,0.00237680470158208,0.0111126900170173,-3.32291491882524,"RHOU"
"235606_at",62.5003402216393,203.156992992547,3.08749286297881,0.00237998561811462,0.0111228065364917,-3.32329594536306,"DUBR"
"205170_at",19.5931661082459,53.2680836049689,3.0870043091207,0.00238367763929574,0.0111362535186272,-3.32373755230358,"STAT2"
"207047_s_at",16.4753589537049,40.7307077695652,3.08668852509297,0.00238606684711058,0.011144558761812,-3.32402296138458,"CLCNKA"
"205882_x_at",259.211858830328,812.691920372671,3.08468089799777,0.00240130829202738,0.0112119155308793,-3.32583692378105,"ADD3"
"203739_at",22.2755334384098,65.3133906795031,3.08417839689784,0.00240513721507787,0.0112250001907283,-3.32629080178827,"ZNF217"
"239657_x_at",123.970299934918,265.991664590062,3.08409542954728,0.00240576994624578,0.0112269948626654,-3.32636573527698,"FOXO6"
"235119_at",56.3065650942623,214.835881453416,3.08405964977395,0.00240604285981052,0.0112273101783853,-3.32639804993337,"TAF3"
"227672_at",63.9029033974918,164.393882075776,3.08336845113773,0.00241132065896167,0.0112480980316295,-3.32702224935105,"MROH6"
"214802_at",60.6501471814754,141.579514559006,3.08250219387492,0.00241795025924163,0.0112748162060737,-3.32780437856188,"EXOC7"
"209747_at",64.1414272219672,142.852252708075,3.08249620523144,0.00241799614980595,0.0112748162060737,-3.32780978498826,"TGFB3"
"230012_at",25.9965261951803,75.2991312310559,3.08196796142338,0.00242204721314558,0.0112917267890744,-3.32828663934051,"LINC00324"
"209167_at",1984.33740242623,8143.9736189441,3.08195857120803,0.00242211928271175,0.0112917267890744,-3.32829511544287,"GPM6B"
"212944_at",598.201437042623,1247.37528416149,3.08155498520676,0.00242521866384424,0.0113013577470113,-3.32865939361924,"SLC5A3"
"242871_at",56.7182358741475,82.1031160031056,3.0814237490812,0.0024262272946146,0.0113041310040949,-3.32877783948833,"PAQR5"
"228071_at",53.6054881995082,101.118726655901,3.08123495553184,0.0024276789695236,0.011308967168672,-3.32894822607091,"GIMAP7"
"205911_at",59.6322609367213,186.504308192547,3.07956692543049,0.00244053972430277,0.0113562986745748,-3.33045325916159,"PTH1R"
"211596_s_at",480.663298708196,881.850927229814,3.07945199413592,0.00244142817477307,0.0113584994431346,-3.33055693524179,"LRIG1"
"50376_at",94.4907335467214,432.010648416149,3.07886445609476,0.00244597467447897,0.0113757796297327,-3.33108688671395,"ZNF444"
"229274_at",65.5620286998361,153.990647946584,3.07807732966207,0.00245207789081598,0.0113965715881773,-3.33179673576078,"GNAS"
"63825_at",84.067781595082,338.633919118012,3.07763694376131,0.0024554986859404,0.0114103680650851,-3.33219382187593,"ABHD2"
"202122_s_at",45.56977794,142.448801900621,3.07647593292049,0.00246453823460016,0.011445564255225,-3.33324045853202,"PLIN3"
"201598_s_at",40.1991625841804,120.917084916149,3.07503225331673,0.00247582149188174,0.0114876427323242,-3.33454147075971,"INPPL1"
"1558450_at",20.286244100082,67.1094134198758,3.07502094652191,0.0024759100495237,0.0114876427323242,-3.33455165823901,"A2M"
"229966_at",60.6385880819672,222.667520223602,3.07307301031378,0.00249121051260955,0.0115478537326772,-3.33630630499463,"EWSR1"
"1568609_s_at",55.2434322478688,162.388394609317,3.07295907152077,0.00249210816551246,0.0115500562812065,-3.33640890996342,"LINC00869"
"221884_at",106.426296348541,159.361547909938,3.06995737728697,0.00251586450464572,0.0116423945655104,-3.33911090479543,"MECOM"
"216550_x_at",608.086262595737,1451.74853414907,3.06910955175154,0.002522612229687,0.0116696694862625,-3.33987369232276,"ANKRD12"
"1558426_x_at",256.321420609836,881.019135900621,3.06483560993131,0.00255688307776526,0.0117952735636868,-3.34371634697461,"ORAI2"
"205472_s_at",24.4967038393443,55.7133698602484,3.06440995799158,0.00256031962143864,0.0118098838958481,-3.34409880784475,"DACH1"
"208942_s_at",1749.18495229508,5425.81823763354,3.06390419997467,0.00256440845200079,0.0118211074753802,-3.34455319029227,"SEC62"
"234431_at",75.2226209837704,111.36512786087,3.06371819212701,0.00256591375884627,0.0118269545409644,-3.34472028788997,"GSN"
"215772_x_at",35.0024817080983,98.0052092142857,3.06367586922199,0.00256625637956146,0.011827536673061,-3.3447583069399,"SUCLG2"
"207336_at",24.7288855947377,54.0088875142857,3.06282679832732,0.00257313887322157,0.0118522635125012,-3.34552094487471,"SOX5"
"227034_at",28.7838393597705,82.3110795192547,3.06125331096006,0.00258593848387451,0.011906972587708,-3.34693380161788,"SOWAHC"
"221087_s_at",32.5915322852459,79.8516479695652,3.05965263314098,0.00259901954971092,0.0119532829192644,-3.34837046753682,"APOL3"
"227697_at",101.748817968017,161.924833943602,3.05892454631161,0.00260498980652771,0.011973755163674,-3.34902374953129,"SOCS3"
"240123_at",33.9097274833607,80.4026804378882,3.05812237315467,0.00261158221734571,0.0119990070546941,-3.34974335973812,"PEX26"
"222310_at",80.0434893313113,257.711481979503,3.0563896486239,0.00262587465076433,0.0120505033179906,-3.35129722132864,"SCAF4"
"1563881_at",70.2429936781967,202.712230751801,3.05456880111249,0.0026409717157378,0.0121096216502822,-3.35292933737202,"MAGI1"
"234381_at",32.6334494280327,84.8834344291925,3.05374982587506,0.00264778810356568,0.012132736721627,-3.35366316755634,"IGLV4-3"
"37152_at",338.248998242623,1299.65339404969,3.0532963703433,0.00265156922352827,0.0121439560476133,-3.35406941055393,"PPARD"
"243672_at",62.9101697386885,173.372499310559,3.05193019882451,0.00266299112110807,0.0121870795636213,-3.3552930433125,"SALL3"
"232930_at",39.8454462901639,96.9157264136646,3.05021555419495,0.00267739066356983,0.0122338347356361,-3.35682816066222,"DOCK1"
"207754_at",19.8296773118033,57.6695250670807,3.04980226951153,0.00268087214364307,0.012246360134822,-3.35719806844206,"RASSF8"
"232693_s_at",43.7971269463934,133.07477472236,3.04968358204392,0.00268187272977081,0.012249907393502,-3.35730429134932,"ZNF395"
"230405_at",53.6374225180328,164.086777347826,3.04815640195982,0.00269477828140875,0.0122985811799686,-3.35867078665642,"CARINH"
"223882_at",37.2438785639345,133.375474164596,3.04773022157406,0.00269838996068955,0.0123137078563945,-3.35905202629745,"ARB2A"
"224361_s_at",59.5248401359015,145.180569849068,3.04755746370419,0.00269985527407474,0.0123176391113181,-3.35920655447537,"IL17RB"
"215067_x_at",221.288138901639,606.48963110559,3.04626777250233,0.00271081750577981,0.012358174733805,-3.36035992993333,"PRDX2"
"202193_at",93.2366480800001,245.415230540373,3.04459811701132,0.00272507036588978,0.0124140328491105,-3.36185251813349,"LIMK2"
"213914_s_at",34.0183170159016,94.0336458049689,3.04390208647448,0.0027310323502578,0.0124373375869505,-3.36247453760601,"SPTBN1"
"211719_x_at",241.72512282459,432.88666031677,3.0423301332517,0.00274454150587749,0.0124922321105745,-3.36387891379949,"FN1"
"206373_at",1100.19622423115,1260.62155693789,3.04225223516923,0.0027452125512801,0.0124922593625668,-3.36394849223436,"ZIC1"
"233630_at",16.9987555294098,45.8807686726708,3.04211787052664,0.00274637037788361,0.012495448149354,-3.36406850309254,"CDS2"
"228692_at",189.130925221311,394.721394639752,3.04120145856256,0.00275427916015287,0.0125283039169183,-3.36488690221373,"PREX2"
"212793_at",171.786991867705,409.41244821118,3.03978127685603,0.00276657705373257,0.0125744478731506,-3.36615479437577,"DAAM2"
"208389_s_at",324.487123325409,831.193246621118,3.03977453964539,0.00276663551426601,0.0125744478731506,-3.36616080798826,"SLC1A2"
"1557963_at",30.900680372623,60.9264451329193,3.03976439892518,0.00276672351008691,0.0125744478731506,-3.36616985954198,"CDC42BPB"
"212190_at",819.801917114754,2518.1760042236,3.03804881935813,0.00278164760534259,0.0126338746321736,-3.36770082244665,"SERPINE2"
"213931_at",124.414446229508,337.121232329193,3.03741956617956,0.00278714015501394,0.0126514643400073,-3.36826218387259,"ID2"
"225533_at",42.4086782698361,130.887860446584,3.03732777299414,0.00278794222347411,0.0126540545466086,-3.3683440653278,"PHF19"
"216920_s_at",50.9488305878689,100.483589462112,3.03726674814591,0.00278847556278596,0.0126554247028573,-3.36839849966123,"TARP"
"213854_at",21.5567475401639,47.0817222962733,3.03720367981611,0.00278902686036256,0.0126563779147487,-3.36845475584855,"SYNGR1"
"212556_at",111.454261513934,407.359878723602,3.03718975899957,0.00278914855957581,0.0126563779147487,-3.36846717292018,"SCRIB"
"223843_at",109.956837701639,252.625692583851,3.0350575887289,0.00280784642095653,0.0127264364640469,-3.37036847526325,"SCARA3"
"1570093_at",18.9063521628361,46.3377965677019,3.03340076389079,0.00282245548652415,0.0127852322887911,-3.3718451496727,"RNU6-501P"
"208890_s_at",83.706179329951,289.054488109938,3.03319770766288,0.00282425074760289,0.0127901855069318,-3.37202608186372,"PLXNB2"
"227626_at",567.973438562294,1479.13901900621,3.03242738558547,0.00283107089459501,0.0128168254667535,-3.37271238345089,"PAQR8"
"206453_s_at",1243.95929904,2674.41465735404,3.03194931371036,0.00283531119644783,0.0128334911474246,-3.37313823957556,"NDRG2"
"1559709_at",19.1872343074099,48.0111158914907,3.02977888878571,0.00285463568522613,0.012906409169746,-3.37507091808438,"ZNF138"
"226252_at",429.400953238852,1139.25693273913,3.02662733164905,0.00288291187943416,0.0130138050700184,-3.37787524459631,"ZBTB20"
"221886_at",87.0706750981968,211.009427149068,3.02657856413032,0.00288335144877553,0.0130147148073807,-3.37791862030516,"DENND2A"
"225511_at",264.449304190164,812.277563614907,3.0260788929532,0.00288785882807592,0.0130307569055914,-3.37836301419797,"GPRC5B"
"226525_at",104.101385132787,314.276944691304,3.02559534611112,0.00289222693513674,0.013046160191288,-3.37879301048113,"STK17B"
"214776_x_at",12.0099439454918,26.500999042236,3.0252149758272,0.00289566727639105,0.0130595239079997,-3.37913121708212,"XYLB"
"243683_at",71.7105947518031,192.210403590062,3.02510171823321,0.0028966923874167,0.0130630696372491,-3.37923191346828,"MORF4L2"
"206026_s_at",24.8178755352459,67.7167755397516,3.02477760782506,0.00289962780584127,0.0130741506089701,-3.37952006032156,"TNFAIP6"
"207169_x_at",175.108033821311,508.199281204969,3.02435697565261,0.002903441493524,0.0130851677007666,-3.3798939811941,"DDR1"
"216210_x_at",129.966007654918,338.681843652174,3.02428311876195,0.00290411159834852,0.0130868129596724,-3.37995963187486,"TRIOBP"
"242531_at",18.0982132511967,45.8786970347826,3.02214352017395,0.0029235861748197,0.0131615540640813,-3.38186093176836,"RRAGC"
"212259_s_at",42.7558868470492,102.062921280745,3.02177818776611,0.00292692342160343,0.0131744083375457,-3.3821854652067,"PBXIP1"
"238716_at",50.9225981863935,161.194882956522,3.02136870568251,0.00293066813854776,0.0131863532368587,-3.38254917973282,"FAM86B2-DT"
"1556493_a_at",28.6319677056886,87.2943828944099,3.01476811093237,0.00299164275532531,0.0134226216680954,-3.38840646860486,"KDM4C"
"226765_at",396.416071572131,1169.12100279503,3.01413312494948,0.0029975697765751,0.0134441105828149,-3.38896939505595,"SPTBN1"
"1560119_at",25.6147449228361,52.2769922453416,3.01412328853371,0.00299766167563047,0.0134441105828149,-3.38897811445164,"LINC00937"
"1553575_at",1816.48648281967,4211.40258298137,3.01371609623099,0.00300146824404555,0.013457870776053,-3.38933904570077,"MT-ND6"
"231371_at",43.8730391566394,90.0785193782609,3.01242473811796,0.00301356974748474,0.0134956966253702,-3.39048342886883,"TDRD10"
"207069_s_at",132.987232649508,190.328857691304,3.01217264857238,0.00301593734967406,0.0135050265842285,-3.39070678020599,"SMAD6"
"204387_x_at",186.729905122951,872.569474906832,3.00451149900787,0.00308871226040914,0.0137927000127683,-3.39748725787517,"MRPL57"
"229151_at",165.716445305574,361.428614668323,3.00450678341644,0.00308875754835547,0.0137927000127683,-3.39749142703976,"SLC14A1"
"210596_at",39.8170144304918,91.5751342931677,3.00372443260606,0.0030962796146207,0.013818389350207,-3.39818304743399,"MAGT1"
"225711_at",39.1363220201639,140.942071256522,3.00319273207602,0.00310140137300061,0.0138356005278075,-3.39865300160335,"ARL6IP6"
"202994_s_at",29.8333299934918,52.0952764590062,3.00289041699254,0.00310431698597746,0.0138440890055724,-3.39892017844553,"FBLN1"
"201261_x_at",103.392741925082,230.519559068323,3.00224969677283,0.00311050461497941,0.0138626377424192,-3.39948635455113,"BGN"
"205935_at",34.4911687996229,84.800147568323,3.00180537276229,0.00311480224900654,0.0138806596270627,-3.39987892587221,"FOXF1"
"236107_at",38.217927422,93.5976078192547,3.00162973450088,0.00311650258096352,0.0138871050215306,-3.4000340935135,"UBE2Z"
"204781_s_at",27.2321307281967,79.9925115037267,3.00033664622806,0.00312904712370213,0.013935053473032,-3.40117624338855,"FAS"
"1557278_s_at",33.7866451792787,91.3732449968944,2.99897440127333,0.0031423128169101,0.0139870444777747,-3.40237904105899,"TNPO1"
"1564233_at",35.7164779272131,107.656865313665,2.99752841448251,0.00315645060087626,0.0140387974133987,-3.4036552887301,"FLJ33534"
"226055_at",126.809135286066,347.845749229814,2.99691367544695,0.00316247877242555,0.0140610333318994,-3.404197712869,"ARRDC2"
"1566191_at",27.727292505459,60.2418222583851,2.99678634196488,0.00316372873641709,0.0140654471185237,-3.40431005605433,"SUZ12"
"227749_at",44.1381487262295,159.000907782609,2.99510807077506,0.00318024594870518,0.0141285404440933,-3.40579038735069,"POU2F2"
"221123_x_at",45.9896826709179,138.966306387578,2.9945582149346,0.00318567475063707,0.0141515085303121,-3.40627524372853,"ZNF395"
"213428_s_at",181.347464436065,596.497512832298,2.99375575202659,0.00319361287755765,0.0141787075989009,-3.40698271494713,"COL6A1"
"219236_at",484.355365808197,774.545846608696,2.99361251641479,0.00319503170582767,0.014183855027292,-3.40710897865378,"PAQR6"
"1568916_at",32.6553897000328,71.6104219273292,2.9933924091258,0.00319721312092307,0.0141912345662014,-3.4073029958947,"SPIRE2"
"244677_at",29.5760860344098,68.4199281975155,2.99300489842943,0.00320105694885011,0.01420714251793,-3.4076445452126,"PER1"
"227997_at",112.955048639344,302.609808664596,2.992914296476,0.00320195626810148,0.014209297276148,-3.40772439593013,"IL17RD"
"1563975_at",35.1452347196721,85.5701657155279,2.99253900471158,0.00320568390753451,0.0142242142220783,-3.40805513275606,"RNF130"
"221331_x_at",18.2746165312623,43.1046131534161,2.9912171675754,0.00321884505771835,0.0142756613830914,-3.4092197692273,"CTLA4"
"227833_s_at",61.8854369586884,235.725231322981,2.98871397282776,0.00324390491074478,0.0143646635615916,-3.41142411187601,"MBD6"
"217538_at",26.7082401157705,83.286746342236,2.9884034196485,0.00324702638438133,0.0143749933251862,-3.4116974829894,"SGSM2"
"212719_at",116.61394008623,379.47565426087,2.98793569558139,0.00325173284846243,0.0143910836344017,-3.41210916313116,"PHLPP1"
"223454_at",41.0654018690164,117.348173029193,2.98780780403785,0.0032530208463551,0.014394538262744,-3.41222172116109,"CXCL16"
"1560779_a_at",14.5666195166557,29.3562332612422,2.98764995717148,0.00325461117167504,0.0144004099547894,-3.41236063757506,"ZNF568"
"202464_s_at",1559.10539429508,3727.52486136646,2.98689027700021,0.00326227504234946,0.0144263376754224,-3.41302912557729,"PFKFB3"
"222164_at",31.9059146463935,97.1862173732919,2.98685989400673,0.00326258189952626,0.0144263376754224,-3.41305585848595,"FGFR1"
"1557649_at",25.2045083903279,75.8523565751553,2.98539624732814,0.00327739567372275,0.0144848119360433,-3.41434340424868,"GALE"
"217518_at",27.2113097461311,47.845407952795,2.98440100959451,0.00328750391370778,0.0145247900187453,-3.41521860228387,"MYOF"
"212516_at",32.2734132044754,101.165831352174,2.98367829672111,0.00329486218275193,0.0145537720020974,-3.41585399552373,"ARAP1"
"214314_s_at",154.225731393443,548.906397354037,2.98225130342238,0.00330943553791951,0.0146028075244733,-3.41710820523677,"EIF5B"
"209710_at",53.7522769147541,129.417742685714,2.98167958480843,0.003315290898426,0.0146227436166055,-3.41761056050426,"GATA2"
"209122_at",76.6306939157376,220.420676639752,2.97966248932391,0.00333602551080904,0.0146987827224985,-3.41938230090024,"PLIN2"
"203058_s_at",60.7235774475409,137.129248283851,2.97812099006268,0.00335195154747446,0.0147546856821646,-3.42073563100051,"PAPSS2"
"241987_x_at",72.7661639869508,97.4411360242236,2.9779208119452,0.00335402481156865,0.0147626232951631,-3.42091133134225,"SNX31"
"216835_s_at",41.785700984918,128.405455138509,2.97764517588574,0.00335688152980423,0.0147716295888971,-3.42115324673586,"DOK1"
"213397_x_at",23.2089595625737,59.943543768323,2.9774530836931,0.00335887371368568,0.0147780172443683,-3.42132182793313,"RNASE4"
"1557891_s_at",71.0641448360656,181.844299659006,2.97530107023185,0.00338126659853723,0.0148621875773794,-3.42320983565161,"STXBP5-AS1"
"233912_x_at",51.21136027,142.459414304348,2.97427556781906,0.00339198571248765,0.014902114811592,-3.42410913589972,"ELMOD2"
"223044_at",89.4611651772131,232.470596136646,2.97384105052824,0.00339653693770863,0.0149197121450325,-3.42449010292935,"SLC40A1"
"238432_at",40.9551441072131,124.29342033913,2.97267621667966,0.00340876535235331,0.0149614068908981,-3.42551115574379,"DLGAP1-AS1"
"1559593_a_at",35.553514927918,75.3116891217391,2.97197287210568,0.00341616863251583,0.0149854797803918,-3.42612752371661,"MED26"
"239392_s_at",96.3841983288524,283.254067426087,2.9713420010137,0.00342282163604287,0.0150074396913106,-3.42668027825314,"POGK"
"238333_s_at",51.2445560114755,193.777681465838,2.97109160627533,0.00342546553305783,0.0150154195478183,-3.42689964150582,"PAOX"
"222527_s_at",47.7035158183607,128.910246832298,2.97093966939481,0.00342707073646018,0.0150212516046144,-3.4270327413905,"RBM22"
"231985_at",59.9019622629508,122.203421718012,2.96854735680809,0.00345243665177066,0.0151057917682107,-3.42912771846389,"MICAL3"
"242438_at",85.9571234387705,365.491502090062,2.96784173230463,0.00345995132962885,0.0151326165064761,-3.42974537699227,"ASXL1"
"212726_at",89.7760445065574,286.942982720497,2.96679222461243,0.00347115605389089,0.0151743389499068,-3.43066382516534,"PHF2"
"225703_at",44.4814462680326,195.59851057764,2.96334834392785,0.00350815807949045,0.0153079443731956,-3.43367576404239,"FBRSL1"
"228471_at",42.5667621950328,124.082514111801,2.96309887085344,0.0035108525108596,0.0153160345512845,-3.43389383549435,"ANKRD44"
"226201_at",32.6304135981967,117.448604230435,2.96266931477116,0.00351549638129182,0.0153338464018453,-3.43426928713012,"DOT1L"
"242907_at",38.1273218836066,66.7322666037267,2.96234916156758,0.00351896118114174,0.0153465630587982,-3.43454908647667,"GBP2"
"1555752_at",41.1706710663935,140.82653036646,2.95975670892152,0.00354713326215263,0.0154445727703954,-3.43681385419079,"STH"
"226017_at",39.6844538452459,104.67032851118,2.9597341822346,0.0035473789638889,0.0154445727703954,-3.43683352635042,"CMTM7"
"227646_at",100.704378972393,144.215457193168,2.9579548535953,0.00356683579558323,0.0155132246538472,-3.43838699277148,"EBF1"
"210513_s_at",23.7917107559016,66.1821738509317,2.95681491163193,0.00357935242801838,0.0155565257553183,-3.43938182931366,"VEGFA"
"201884_at",27.7493730470164,66.536834723913,2.95670460946986,0.00358056568996045,0.0155580886194538,-3.43947807411826,"CEACAM5"
"228473_at",19.085196342,51.3816990186335,2.95569763832829,0.00359165927898945,0.015596376068521,-3.44035657582137,"MSX1"
"226420_at",46.49215676,99.3302638,2.95421795437163,0.00360801790842804,0.0156562205669288,-3.44164703371568,"MECOM"
"230256_at",54.0187585442623,179.806902196273,2.95134314810799,0.00363999599555818,0.0157749509398497,-3.44415267746417,"RUSC1-AS1"
"225269_s_at",81.0016428819673,321.126356347826,2.9509665172684,0.00364420469229945,0.0157881847505129,-3.44448079483953,"RBMS1"
"227195_at",175.498489027868,485.537807360248,2.9499625677856,0.00365544525176592,0.0158216803707903,-3.44535525765589,"ZNF503"
"235306_at",39.585896792623,89.1973880931677,2.94974758556374,0.00365785639882674,0.0158297687672829,-3.44554248012505,"GIMAP8"
"213804_at",88.9466872567214,266.369752403727,2.94837237012669,0.00367331478335354,0.0158866070067912,-3.44673985323427,"INPP5B"
"1553983_at",25.1736798104918,95.2839419987578,2.94792405652166,0.00367836708624422,0.0159062546738806,-3.44713009144914,"DTYMK"
"1559097_at",22.2950843795082,53.2121110670807,2.94791762784012,0.00367843958109824,0.0159062546738806,-3.44713568699076,"LINC01550"
"219728_at",27.5563014747541,74.8262306869565,2.94681528080611,0.00369088991804837,0.0159481395588731,-3.4480950237843,"MYOT"
"222547_at",71.2160605704918,231.366994223602,2.94650803134517,0.00369436699821052,0.015957899627781,-3.44836236019572,"MAP4K4"
"203845_at",276.718465567213,798.77818936646,2.94572326567476,0.00370326168147687,0.015993351693108,-3.44904507686507,"KAT2B"
"202650_s_at",75.6182352065574,360.073790347826,2.94550833722497,0.00370570114709659,0.0160015236270402,-3.44923203034269,"TMEM94"
"228798_x_at",61.9472726294262,159.138065916149,2.94543677955292,0.00370651366304579,0.0160036037690143,-3.44929427160603,"MAZ"
"206307_s_at",48.4532300649672,66.2154389714286,2.94537449987437,0.00370722096321016,0.0160053937273781,-3.44934844180207,"FOXD1"
"228711_at",166.619761308033,614.671244055901,2.94418971181917,0.00372070001920945,0.0160585154365548,-3.45037877751123,"ZNF37A"
"202404_s_at",49.5995770999279,62.5557447649689,2.94311062733125,0.00373301562484273,0.0161015012060805,-3.45131689144015,"COL1A2"
"211626_x_at",26.472082531082,59.8810053913043,2.94008056776359,0.00376779797528243,0.016231039575998,-3.45394958742156,"ERG"
"208690_s_at",66.7478997821311,166.265641173913,2.94002804176608,0.00376840353939068,0.0162310905558678,-3.45399520536682,"PDLIM1"
"225424_at",221.174599667213,500.824484776398,2.93894981238858,0.00378085402361126,0.0162744602220867,-3.45493148056922,"GPAM"
"211481_at",60.0763900460492,91.2034085018634,2.93717373946467,0.00380144491259623,0.0163502203112176,-3.45647310566907,"SLCO1A2"
"231878_at",69.2112557795083,282.440348397516,2.93438418293745,0.00383399334418338,0.0164681896530149,-3.45889287497481,"PAGR1"
"219626_at",23.101774600541,73.1463886757764,2.93394220653224,0.00383917369929009,0.0164865552944302,-3.45927608786211,"MAP7D3"
"203604_at",25.0675669316393,92.428621747205,2.93368808939509,0.00384215508286599,0.0164963723804552,-3.45949639691866,"ZNF516"
"1566129_at",14.2685365025475,36.3269854014907,2.93361257679976,0.00384304142992104,0.0164970953974647,-3.45956186017535,"LIMS1"
"204470_at",34.0639278967868,75.847964857764,2.93360445339043,0.00384313679154106,0.0164970953974647,-3.45956890242515,"CXCL1"
"210495_x_at",158.126467214754,388.452154913044,2.9334625310828,0.0038448031837213,0.0165016574354315,-3.4596919334275,"FN1"
"213100_at",31.2104724140984,104.886114438509,2.93342072980996,0.00384529412303438,0.0165024690876691,-3.4597281695861,"UNC5B"
"202532_s_at",59.2525476449181,185.333736119255,2.93233114380995,0.0038581111730144,0.0165470841217887,-3.46067254539365,"DHFR"
"220775_s_at",26.2294707501639,81.9363146490683,2.93094779661227,0.00387444024379845,0.0166001896661453,-3.46187111423173,"UEVLD"
"215298_at",19.6036829691803,53.812259852795,2.9302423607048,0.00388279160491,0.0166325123879741,-3.46248214245821,"LINC02172"
"214812_s_at",66.5790933336064,269.613532136646,2.93023347518393,0.00388289690205947,0.0166325123879741,-3.46248983806356,"MOB1A"
"243295_at",74.5432313906557,288.029219360248,2.92882021064778,0.00389967804434022,0.0166900115126655,-3.4637135976377,"RBM27"
"213993_at",182.740753109836,382.428451950311,2.92847747163902,0.00390375774244789,0.0167040358420964,-3.4640103050545,"SPON1"
"215146_s_at",106.309926827869,382.868405124224,2.92776759541928,0.00391222000375212,0.0167305927810049,-3.46462474984479,"TTC28"
"238468_at",108.586280291148,314.425212459627,2.92686783383118,0.00392297000813794,0.0167713179447136,-3.46540337571372,"TNRC6B"
"237285_at",48.5546109806558,162.46750910559,2.9266247693437,0.00392587869100002,0.0167813762745646,-3.46561368220652,"SORBS2"
"232648_at",16.4896897407213,43.7517474204969,2.92593192715526,0.00393418058717342,0.0168047909065396,-3.46621307011887,"PSMA3"
"202065_s_at",26.9703729703278,92.7465511732919,2.92526427841424,0.0039421958288739,0.0168337757233661,-3.46679055160102,"PPFIA1"
"225081_s_at",56.4778675370491,179.078519453416,2.92473419362438,0.00394857024803979,0.0168544053643201,-3.46724896966796,"CDCA7L"
"242835_s_at",190.944503838688,478.644189428571,2.92414487381743,0.00395566807460494,0.0168807486714818,-3.46775853347322,"MAP4K3-DT"
"219387_at",446.612437500983,1078.49450596273,2.92409195030902,0.00395630606255851,0.0168821535916949,-3.46780429037937,"CCDC88A"
"227125_at",38.1420267421311,158.659039167702,2.92393663249664,0.00395817894888485,0.0168875094834396,-3.46793857197047,"IFNAR2"
"234985_at",94.0381611285247,321.809221043478,2.92163521373508,0.00398602580590254,0.0169890833284784,-3.46992759431582,"LDLRAD3"
"221747_at",38.1383126724589,91.9735097118012,2.91976648842462,0.00400876909057072,0.0170620776916514,-3.47154170248471,"TNS1"
"232204_at",21.1397409014918,37.0900161813665,2.91859715786889,0.00402306082750657,0.0171135805449251,-3.47255127422963,"EBF1"
"201163_s_at",1025.0656832459,2520.08095453416,2.91852481583104,0.00402394653468066,0.0171160165538871,-3.47261372158444,"IGFBP7"
"209496_at",63.5418149887213,133.571684234783,2.91767063946754,0.00403441801333871,0.017155640661403,-3.47335096974589,"RARRES2"
"1556672_a_at",42.7074289986394,167.592442513665,2.91766255878487,0.00403451719477493,0.017155640661403,-3.4733579434095,"RBM6"
"204032_at",34.9341914221311,114.135390869565,2.91715156094419,0.00404079366727945,0.0171765137396036,-3.47379890419812,"BCAR3"
"207279_s_at",23.1291184603279,67.0630422068323,2.91431818497902,0.00407575801653172,0.0172893218677843,-3.47624277706481,"NEBL"
"226506_at",30.1155979014754,99.7744356,2.91271573436527,0.00409565502392992,0.0173616016772653,-3.47762406723688,"THSD4"
"225954_s_at",54.1792400430491,122.242111413043,2.91157645072997,0.00410985514155324,0.0174190953383274,-3.47860573050158,"MIDN"
"52005_at",54.6950942170493,216.745688832298,2.91116248938042,0.00411502594730156,0.017434253674445,-3.47896234118569,"WIZ"
"208629_s_at",62.6821427811473,178.059340307453,2.90994668162819,0.0041302471153536,0.0174933194695141,-3.48000946627227,"HADHA"
"201195_s_at",144.288364372787,524.205984062112,2.90943315183047,0.00413669167022751,0.0175138312737873,-3.48045163925156,"SLC7A5"
"212077_at",393.004153480328,1179.79041950311,2.90820465252831,0.0041521461390987,0.0175615835193952,-3.48150917127399,"CALD1"
"210840_s_at",39.8964218913114,151.065772546584,2.90798402399692,0.0041549272310466,0.0175706277637461,-3.48169905618933,"IQGAP1"
"231925_at",241.385698938197,438.639336043478,2.90751726017972,0.00416081655867046,0.0175900908795567,-3.48210073910005,"P2RY1"
"221191_at",32.809599038918,66.3818647385093,2.90672343566185,0.0041708500882387,0.0176270563944076,-3.48278375766095,"STAG3L1"
"212158_at",116.130193738688,307.296260838509,2.90643484151697,0.00417450325662917,0.0176411319799196,-3.48303203001903,"SDC2"
"213688_at",138.867945464098,445.353669521739,2.90636908267946,0.00417533607452364,0.0176432877250622,-3.48308859830189,"CALM1"
"224766_at",32.2049421383606,123.739544552795,2.90617301673591,0.00417782009986001,0.0176500511291515,-3.48325725546335,"RPL37"
"1556069_s_at",39.7280466937868,87.8846824670808,2.90448808070175,0.00419922297175123,0.01772481488341,-3.48470625850764,"HIF3A"
"200621_at",595.139114224589,1967.71354521739,2.90324066601679,0.00421513286125883,0.0177825917584357,-3.48577855438925,"CSRP1"
"205902_at",109.259272111639,259.754956231056,2.90308728448427,0.00421709293952714,0.0177867435368855,-3.48591037697524,"KCNN3"
"204642_at",75.8330240396721,232.354848947826,2.90130653132194,0.00423991053101811,0.0178719534564348,-3.48744040807264,"S1PR1"
"217367_s_at",64.4923982259018,275.680060956522,2.90092634118678,0.00424479669608434,0.0178897910551462,-3.48776696808185,"ZHX3"
"1562309_s_at",58.2385840360655,135.598031726708,2.89738799743081,0.00429051898421746,0.0180488559267182,-3.49080448223463,"PHF21B"
"205383_s_at",912.659554754096,2427.14974391304,2.89664552319126,0.00430017023122442,0.0180827416852942,-3.49144147283805,"ZBTB20"
"241385_at",36.0323098468852,140.459943888199,2.8961890063077,0.00430611424649928,0.0181049520476275,-3.49183306477649,"LARP7"
"1562698_x_at",38.4251755062131,104.165421370186,2.89426034439621,0.00433130920565789,0.0181901258582871,-3.49348686961671,"LINC02481"
"227475_at",99.1646162213115,274.716224308696,2.89072684194966,0.00437781917580915,0.0183528035145963,-3.49651442851061,"FOXQ1"
"219426_at",51.5302458740983,157.330259642857,2.88779717332143,0.00441672714694029,0.0184974765805408,-3.49902227937847,"AGO3"
"230200_at",69.5744473799509,257.409708849068,2.88481981900512,0.00445659228392111,0.0186415869576457,-3.50156878090917,"NSUN6"
"212680_x_at",35.5017262447541,103.22295152795,2.88457129980911,0.00445993465666505,0.0186527137882018,-3.50178123798803,"PPP1R14B"
"1561107_at",20.4194094188853,42.2466745062112,2.88451851141424,0.0044606449110369,0.018652830631812,-3.50182636440292,"LOC101928985"
"223595_at",29.2760830556066,89.6535941354037,2.88378631263759,0.0044705071336013,0.0186883536608037,-3.50245221713393,"ARHGAP42"
"218644_at",19.6543712713115,33.4296552981366,2.88304219601299,0.00448055031012124,0.0187231800829929,-3.50308812114415,"PLEK2"
"210444_at",14.8232461857377,30.545578852795,2.88274481686257,0.00448456973820488,0.0187348596247857,-3.50334221591623,"NPY6R"
"1556346_at",15.924197980082,42.6720884037267,2.88268503739653,0.00448537812578675,0.0187361944401704,-3.50339329167569,"COTL1"
"214532_x_at",20.3038445649836,66.2747772397516,2.88089089991625,0.004509702050128,0.0188104943233711,-3.50492579756314,"POU5F1B"
"229776_at",49.6251295651312,163.706220669565,2.8800473355055,0.00452118026876603,0.0188483058478675,-3.50564607371126,"SLCO3A1"
"235821_at",13.1249113277705,28.531836093354,2.87992604693749,0.00452283281384416,0.0188537575554231,-3.50574962131038,"CCN4"
"226299_at",21.2889160824918,49.2725334732919,2.87939965779595,0.00453001121736123,0.0188764852762156,-3.50619897300756,"PKN3"
"217622_at",73.4274192773771,248.262338161491,2.87915250698336,0.00453338522198666,0.0188876657023638,-3.50640992949684,"RHBDD3"
"213256_at",35.3357364843443,101.139811973292,2.87871290201856,0.00453939221308388,0.0189083703527625,-3.50678511864121,"MARCHF3"
"1562240_at",32.2015822439345,117.774577596273,2.87774575957568,0.0045526333775102,0.0189534173391739,-3.5076103764908,"PLXNA4"
"232442_at",14.2927801547377,27.6097092459627,2.87664286831467,0.00456777617188169,0.0190106692698205,-3.50855118600891,"BCAR1"
"213395_at",99.4664879726229,235.861640869565,2.87616450602034,0.00457435843477579,0.019027925092922,-3.50895915432588,"MLC1"
"204115_at",73.3352454157378,193.858610217391,2.87266502120154,0.00462277570223915,0.0192015696664837,-3.51194194720737,"GNG11"
"201205_at",27.4658240488525,86.476765773913,2.87253837536726,0.0046245366667209,0.0192074249660411,-3.51204983724518,"RRBP1"
"1555233_at",20.9563322205082,42.3450552869565,2.87093458453999,0.00464688990552825,0.0192797621478796,-3.51341576904762,"RHOJ"
"238053_at",32.3267644531147,108.44256247205,2.8694243747466,0.00466802906566091,0.019351314668664,-3.51470141697276,"DHRSX"
"41160_at",104.06455682459,494.939143173913,2.86858187274574,0.00467986013976405,0.0193959485401455,-3.51541839713453,"MBD3"
"234974_at",49.8441127508196,200.823532291925,2.86748069615624,0.00469536503848988,0.0194425237412477,-3.51635524778057,"GALM"
"209850_s_at",23.5965920395082,62.0250189180124,2.86745313467468,0.00469575371391309,0.0194426606821809,-3.51637869247671,"CDC42EP2"
"204285_s_at",18.7746242501475,41.9600065670807,2.86568263270681,0.00472078324262398,0.0195285483688027,-3.51788434504959,"PMAIP1"
"212543_at",20.7570021808197,52.9577384875776,2.86550411493794,0.00472331369575587,0.019534472167521,-3.51803611525479,"CRYBG1"
"213236_at",177.503601038525,487.243223186335,2.86210703232806,0.0047717034342493,0.019702281035502,-3.52092270347996,"SASH1"
"336_at",17.8817148527049,44.9401143503106,2.86132917271225,0.00478284718384373,0.01974251009809,-3.52158326831023,"TBXA2R"
"213771_at",23.073085542623,71.4042097900621,2.86082492503242,0.0047900838171526,0.0197658741662504,-3.5220113994789,"IRF2BP1"
"220349_s_at",68.1319413327869,311.967593950311,2.85958280865224,0.00480795254227422,0.0198351169734281,-3.52306574866302,"ENGASE"
"206654_s_at",26.3166350260656,90.3434292049689,2.85933796163669,0.00481148201560936,0.0198466827011272,-3.52327353770921,"POLR3G"
"223438_s_at",15.9431265662459,38.3260161993789,2.85891628130274,0.00481756609160626,0.0198687807240381,-3.5236313612274,"PPARA"
"213384_x_at",28.4976523481967,110.674482377019,2.85812701529002,0.00482897264422597,0.0199068143951636,-3.52430098685561,"PLCB3"
"216384_x_at",205.84649204918,844.926056956522,2.85783313073362,0.00483322619195968,0.0199228469575841,-3.52455028362743,"PTMA"
"222540_s_at",386.112243687345,1515.53836773168,2.85717630624952,0.00484274513521871,0.0199470461253641,-3.52510737809115,"RSF1"
"226447_at",610.396743590162,2728.74238257764,2.85630679828088,0.00485537270066222,0.01999002277174,-3.52584469824841,"ASH1L"
"212184_s_at",124.560421403279,512.543826565217,2.85471582285648,0.00487855576144415,0.0200703563774988,-3.52719331832276,"TAB2"
"225817_at",95.2000941924591,289.917157434783,2.85448278758132,0.00488195993268874,0.0200813391001924,-3.52739080228046,"CGNL1"
"235168_at",32.715142862623,99.623306868323,2.85114591260187,0.0049309433604521,0.020235632232434,-3.53021713254878,"PIGM"
"211360_s_at",25.0079790100328,57.7349359993789,2.85103008010064,0.00493265174583264,0.0202396048182664,-3.53031519291731,"ITPR2"
"215322_at",42.9853084334426,186.042586944099,2.84991532722332,0.00494912060984782,0.0202904296148342,-3.5312587393321,"LONRF1"
"214175_x_at",48.513899087377,127.657261818634,2.84711122135683,0.00499076939729057,0.0204351319401529,-3.53363081851997,"PDLIM4"
"213591_at",41.7227359754099,159.40223836646,2.84697877338743,0.00499274450798846,0.0204416883311569,-3.53374281198648,"ALDH7A1"
"1557170_at",36.85396156,131.627677254037,2.84535345922952,0.00501703992616461,0.020522718686447,-3.53511676683316,"NEK8"
"206697_s_at",39.6007080447541,102.537102356522,2.84479658792329,0.00502538889988179,0.020550720875171,-3.53558736537752,"HP"
"212209_at",107.327230816394,472.866057267081,2.84407179180739,0.00503627450182246,0.020582920345877,-3.5361997576254,"MED13L"
"205917_at",53.5947987632787,214.291688080745,2.84368843843402,0.00504204072385316,0.0206007895695266,-3.53652360641213,"ZNF264"
"234314_at",294.634789831147,1057.84185491925,2.84368091632699,0.00504215392810984,0.0206007895695266,-3.53652996056269,"RALGAPA2"
"228537_at",36.8858082560656,135.841479074534,2.8425248939954,0.00505957912755797,0.0206596332187627,-3.53750632016971,"GLI2"
"227088_at",27.2950528457377,44.9633383167702,2.83805404349272,0.0051274885217956,0.0208807861559046,-3.54127920513985,"PDE5A"
"1558777_at",48.7190234446884,115.053169130435,2.83671637271313,0.00514796791154585,0.0209454640246889,-3.54240707863247,"MRTFB"
"1559449_a_at",22.0913522755902,54.0712675925466,2.83609605690294,0.00515749008366129,0.0209810841015016,-3.5429299542501,"ZNF254"
"204078_at",36.9346382242622,126.06480073913,2.83590931309857,0.00516035984345122,0.0209911966699424,-3.54308734527017,"P3H4"
"220184_at",37.62286065,90.6794781285714,2.83471360291214,0.00517876930207601,0.0210551168642925,-3.54409490530804,"NANOG"
"235155_at",54.7487558572131,136.946137253416,2.83376470152869,0.00519342143887281,0.021109978229899,-3.54489423944568,"BDH2"
"208904_s_at",1351.87227427869,7863.02177677019,2.83339053742503,0.00519920935225937,0.0211287922799748,-3.54520936556468,"RPS28"
"202066_at",276.161826016393,992.397116465839,2.83308429469357,0.0052039509729152,0.0211433469156676,-3.54546726141059,"PPFIA1"
"1553681_a_at",30.1532092596722,112.617690183851,2.83218206884824,0.00521794325922036,0.0211891746656174,-3.54622691596298,"PRF1"
"226575_at",172.850966282869,637.850092295031,2.83114812711791,0.00523402046158726,0.021246507969158,-3.5470972229067,"ZNF462"
"208078_s_at",85.0382153367213,153.394205693168,2.82973384961852,0.00525608482302313,0.021317145441643,-3.54828724085311,"ZEB1"
"1564067_x_at",37.9839553820491,119.425959993789,2.82847241706361,0.00527583615058244,0.0213861463176968,-3.54934822933116,"TMEM151B"
"238349_at",33.4405203292131,74.7287337540373,2.82800538306719,0.00528316605021134,0.0214110965677344,-3.54974095003823,"UBN2"
"1554251_at",64.4516713213112,228.190070267081,2.82767591668863,0.00528834246865817,0.0214273102470643,-3.55001795981122,"HP1BP3"
"1561394_s_at",58.0840127123115,125.880784008075,2.82665779263524,0.00530436798474431,0.0214795081888531,-3.55087381017725,"KIAA1755"
"207836_s_at",41.282741456377,65.971135063354,2.82650372172834,0.00530679695080313,0.021487575389031,-3.55100330196236,"RBPMS"
"201065_s_at",708.058286196721,2816.73857120497,2.82648157441045,0.00530714619210745,0.021487575389031,-3.55102191560436,"GTF2I"
"229876_at",38.1845289759016,124.336238496894,2.8262915357793,0.00531014377478868,0.0214965282753273,-3.55118162792844,"PHKA1"
"235834_at",33.9349792953114,81.3147438701863,2.82624842899897,0.00531082393620913,0.0214976899912811,-3.55121785448781,"CALD1"
"230083_at",90.3759690786885,328.068507006211,2.82601387182557,0.00531452629452554,0.0215105373159248,-3.55141496614827,"USP53"
"225931_s_at",14.0509643908525,33.7899507062112,2.82503011108067,0.00533008006970114,0.0215628655427976,-3.55224152638129,"RNF213"
"37020_at",6.53997282001639,13.5539008602484,2.82438158965904,0.00534035621690259,0.0215948506884956,-3.5527862849006,"CRP"
"238649_at",43.8944013716393,132.171250834783,2.82408803234058,0.00534501371471531,0.0216104876767034,-3.55303283876602,"PITPNC1"
"212162_at",58.275510925082,275.038951223603,2.82330791638496,0.00535740881431,0.021652596608693,-3.55368794050544,"KIDINS220"
"221354_s_at",12.9172519038197,24.6269110776398,2.82037868639789,0.00540418497727891,0.0218094046082613,-3.55614640227476,"MCHR1"
"228978_at",16.7238647348525,28.2054510552795,2.82008383828435,0.00540891389390691,0.0218236563463479,-3.55639374544521,"TBX2-AS1"
"228593_at",35.1400912964918,98.5647207919255,2.81966925026308,0.00541556963641054,0.0218392292278172,-3.55674149968607,"MTMR9LP"
"204046_at",26.2543779596721,81.5053352360248,2.81953599128963,0.0054177105432424,0.0218462514899165,-3.55685326748795,"PLCB2"
"239268_at",21.7415877766065,73.9201709031056,2.81926108253882,0.00542212959850731,0.0218543999851373,-3.55708382666027,"NDUFS1"
"203699_s_at",63.5206970995083,177.388920600621,2.81755358806687,0.00544965057069551,0.0219507621152775,-3.55851543709389,"DIO2"
"235079_at",153.157478389672,592.464506745342,2.81739562406973,0.00545220301661109,0.021957807891368,-3.5586478416377,"ZNF704"
"231117_at",32.4732391481968,100.110779948447,2.81636003992086,0.00546896339929982,0.02201719857571,-3.55951570801698,"FAM181A"
"209135_at",434.191172719671,1024.0451473913,2.81507112090859,0.00548988944172451,0.0220895971698487,-3.56059550592611,"ASPH"
"209626_s_at",39.4664490006558,144.458558,2.81466186880937,0.00549654903241474,0.0221087190721162,-3.56093827188344,"OSBPL3"
"207034_s_at",19.3615019673115,51.2895442981366,2.81400192753122,0.00550730348916304,0.0221389470090427,-3.56149091240284,"GLI2"
"202007_at",26.7535899791803,48.8204368838509,2.81141347410195,0.0055496704307105,0.0222879558395106,-3.56365745391862,"NID1"
"213069_at",89.2518805516394,217.614796351553,2.81127273538089,0.00555198248231809,0.0222880790131046,-3.56377520450032,"HEG1"
"226435_at",155.81840418623,275.982808480745,2.81093032595174,0.00555761123880234,0.0223067386934017,-3.56406166437244,"PAPLN"
"218521_s_at",160.832482368688,522.859145503106,2.81075330139682,0.00556052332530103,0.0223149934164308,-3.56420975168286,"UBE2W"
"215139_at",14.6369364323279,34.2258714844721,2.80987323802002,0.0055750211695476,0.022360686930924,-3.56494583944526,"ARHGEF10"
"226501_at",61.2192795567213,249.826357043478,2.80968886025802,0.00557806290028897,0.0223707613198342,-3.56510002901935,"XPNPEP3"
"1564658_at",45.1164721008197,105.45319552795,2.80937214919847,0.00558329129814506,0.022388445304443,-3.56536486508407,"NAT16"
"229954_at",39.3357592560656,120.832924270186,2.80911673258148,0.00558751107259894,0.0224007416749396,-3.56557842800368,"CHDH"
"210705_s_at",18.5654122020984,61.8874143726708,2.80895323870549,0.00559021370276228,0.0224047012313831,-3.56571512247615,"TRIM5"
"218686_s_at",43.4801141015574,132.067122444099,2.80882489930334,0.00559233604706521,0.0224082794703767,-3.56582242019736,"RHBDF1"
"239816_at",23.2036375839345,61.6086468931677,2.8080472416907,0.00560521184669158,0.0224516452540559,-3.56647248999893,"POLD3"
"212265_at",414.146957544263,1503.6072517764,2.80700750909431,0.00562246904106576,0.0225125225060615,-3.56734140038643,"QKI"
"1552892_at",13.7735645902459,28.2856445770186,2.80697524216312,0.00562300537189356,0.0225130212879526,-3.56736836171121,"TNFRSF13C"
"209716_at",54.5913599290164,172.686548515528,2.80643642544411,0.00563196830190752,0.0225439539429529,-3.56781854301463,"CSF1"
"211568_at",156.939110973213,421.492369711801,2.80465228684267,0.00566173943527607,0.0226332970405585,-3.5693086715012,"ADGRB3"
"228225_at",54.261757567213,196.181162043478,2.80400559587413,0.00567256581495139,0.0226682894264338,-3.56984859664125,"PEX2"
"1554182_at",37.1635044726393,90.7022897310559,2.80332237924593,0.00568402415050526,0.0227041218898944,-3.57041890336809,"TRIM74"
"202534_x_at",79.2371141327866,395.723787807453,2.79924316652135,0.00575287687593656,0.0229489671086992,-3.573821541346,"DHFR"
"200905_x_at",265.724218172131,610.815588571429,2.79900486185074,0.0057569225761814,0.0229622348747376,-3.57402019200723,"HLA-E"
"224882_at",146.709446057377,332.284166981366,2.79883220129323,0.00575985545348344,0.022968426585895,-3.57416411286771,"ACSS1"
"236966_at",148.335857574196,582.276414519255,2.79788944741262,0.00577589342505518,0.0230189498516577,-3.57494981157851,"ARMC8"
"210749_x_at",169.587540842623,579.289490857143,2.79724608536495,0.00578686151376953,0.0230592998517127,-3.57548586671192,"DDR1"
"221725_at",45.1791132357378,178.854434360248,2.79656332374768,0.00579852201888197,0.0230939824724921,-3.57605463633672,"WASF2"
"222073_at",43.4203535172131,110.102409708075,2.79633331165367,0.00580245507980471,0.0231045977342016,-3.57624621990571,"COL4A3"
"209487_at",108.679198600492,163.271355055901,2.79532454304725,0.00581973307150235,0.0231520459802194,-3.57708629496018,"RBPMS"
"223434_at",23.9704061226557,55.382997147205,2.79506502969616,0.00582418553045675,0.0231641335475175,-3.57730236931535,"GBP3"
"222446_s_at",39.8018829298361,123.771464606211,2.79406773774048,0.00584132488378586,0.0232187886601957,-3.57813257088293,"BACE2"
"222336_at",27.6021351756557,87.9851839782609,2.79337849902552,0.0058531968729164,0.0232490765729535,-3.57870618580077,"SMIM14"
"205451_at",37.9755454719672,120.176813242236,2.79069806136885,0.00589957583941764,0.0234009945603714,-3.58093583039828,"FOXO4"
"220764_at",28.1048020637705,97.3470382236025,2.78908989939501,0.00592756169184041,0.0234890250536049,-3.58227266724275,"PPP4R2"
"232096_x_at",68.3792102481966,246.999511152174,2.78596563459672,0.00598227681742364,0.0236706458961237,-3.58486795592716,"FOXP1-IT1"
"1566528_at",110.883493326229,276.115116659006,2.78526158626344,0.00599467003451524,0.0237066531061376,-3.58545246150356,"CUX2"
"243001_at",55.0142346463934,170.476413062112,2.78525161928034,0.00599484564875095,0.0237066531061376,-3.58546073526403,"RBFA"
"228411_at",34.3967925208852,75.5219911173913,2.7847937840742,0.00600291756650064,0.0237334238157801,-3.58584076504656,"PARD3B"
"221773_at",33.9141773534426,112.405169037267,2.78406003094902,0.00601587470418803,0.0237777741235799,-3.58644971276711,"ELK3"
"201749_at",40.4492098978689,128.55607652795,2.78334532468123,0.00602851994545725,0.0238174238035895,-3.58704272315626,"ECE1"
"1569268_at",35.5620663204918,94.7984596801242,2.78305884806464,0.0060335953357899,0.0238357532503116,-3.58728038418655,"GRIN2C"
"239241_at",24.359544445082,56.8781657341615,2.78259570713902,0.00604180883531744,0.0238613043969215,-3.58766456227621,"TMEM123-DT"
"57739_at",67.2669763418032,283.478148155279,2.78219895100865,0.00604885312826324,0.0238826468930178,-3.58799363087582,"DND1"
"213733_at",27.4773110809016,88.2681487993789,2.78128342332661,0.00606513657116042,0.0239413285703701,-3.5887528162304,"MYO1F"
"236941_at",26.1052590664262,73.8070613906832,2.77934340452548,0.00609977324853386,0.0240554747809859,-3.59036084588709,"PRR14L"
"218053_at",250.874992636065,1136.64450495652,2.77927974184371,0.00610091290970069,0.0240582339226747,-3.59041359812612,"PRPF40A"
"1552621_at",50.0065543280328,134.649898714286,2.77852910380797,0.00611436510487212,0.02410085156866,-3.5910355156728,"POLR2J2"
"231049_at",14.3223480494098,31.6060280782609,2.77806792130005,0.00612264333028122,0.0241247855349615,-3.59141754358833,"LMO2"
"220336_s_at",23.421746213836,86.6628330459627,2.77785638341758,0.0061264438424205,0.0241362816749057,-3.59159275646504,"GP6"
"214894_x_at",96.1507680049177,487.18026621118,2.77743646229661,0.0061339945446102,0.0241625469543633,-3.59194053590073,"MACF1"
"206465_at",323.832456136065,968.979301677019,2.77443256664731,0.00618825548423769,0.0243237144932204,-3.59442707255468,"ACSBG1"
"221856_s_at",45.7408949586885,117.132339984472,2.77392733281127,0.00619742452677372,0.0243527516171736,-3.59484506697341,"MINDY1"
"239609_s_at",42.0075082821312,137.933328678882,2.77330248891103,0.0062087813437435,0.0243851102628529,-3.59536192925593,"LPCAT4"
"214829_at",27.4210439572459,85.9960574360248,2.77165859167026,0.00623875030244565,0.0244799535514724,-3.5967212684662,"AASS"
"214298_x_at",30.7534182419673,96.683243831677,2.77143381957827,0.00624285819475835,0.0244943144455266,-3.59690707965112,"SEPTIN6"
"212964_at",138.139362801639,638.258195559006,2.76804332774336,0.00630512106067914,0.0246783945874889,-3.59970833466949,"HIC2"
"205555_s_at",11.9973398447213,24.7154868819876,2.76708448091958,0.00632283133658975,0.0247423993220759,-3.60050001666538,"MSX2"
"210739_x_at",98.2787839301474,241.019870806832,2.76529223492664,0.00635605605049939,0.0248510701202127,-3.601979181444,"SLC4A4"
"204121_at",47.8279495409835,155.088538416149,2.76493666340946,0.00636266646917943,0.0248698019160985,-3.60227254304588,"GADD45G"
"232021_at",26.4121310557213,70.1908213484472,2.76440760798711,0.00637251368043186,0.0249022164169791,-3.60270897717266,"GXYLT1"
"242414_at",63.0443719065576,305.19787636646,2.76273213703089,0.00640379031768159,0.0250053560289346,-3.60409065860122,"QPRT"
"215418_at",36.5933981381967,128.55277671118,2.76268543958663,0.0064046640297979,0.0250053560289346,-3.60412915761641,"PARVA"
"225288_at",36.721382257541,96.1971215136646,2.76162867684796,0.00642446509664814,0.0250701326928297,-3.6050002427495,"COL27A1"
"1554298_a_at",6.96201782788525,16.6198942088199,2.75977844561706,0.00645926768893218,0.0251862621807309,-3.60652470144057,"WDR49"
"201296_s_at",433.927415344263,2001.55781440994,2.75969378877067,0.00646086416058716,0.0251870052035724,-3.60659443196063,"WSB1"
"217097_s_at",26.8256371440984,81.0850290708075,2.75893147177175,0.00647525619826664,0.0252299845400804,-3.60722225898344,"PHTF2"
"221745_at",64.9024448163935,193.635113509317,2.75865944121445,0.00648039899744529,0.0252433610134883,-3.60744626164496,"DCAF7"
"216682_s_at",28.27127938,118.799843557143,2.75837361334469,0.00648580663335343,0.025259026830871,-3.60768160551197,"SUPT20H"
"227345_at",39.8523540026229,101.223767465839,2.75810547744658,0.00649088327555621,0.0252769973711564,-3.60790236346265,"TNFRSF10D"
"201061_s_at",431.743531890164,1345.75714981366,2.75700171246117,0.00651181897800955,0.0253456223944181,-3.60881090868572,"STOM"
"227770_at",38.9380469022951,189.593431037267,2.75631394219031,0.00652489526893789,0.0253895558201679,-3.60937687927211,"COG8"
"237750_at",12.7784018653771,26.6265468111801,2.75617050960394,0.0065276252955838,0.0253947568689373,-3.60949489580254,"XPNPEP3"
"212462_at",177.85861002295,702.175173726708,2.75532477488798,0.00654374369691368,0.0254339366338776,-3.61019066174787,"KAT6B"
"228008_at",29.9922292645901,109.420257604348,2.75282715449972,0.00659155562555104,0.0255932385969222,-3.61224433918761,"ARID3A"
"1560661_x_at",104.999378122459,352.141822192547,2.75227089680828,0.00660224714248199,0.0256212550582158,-3.61270150926708,"LINC00342"
"201008_s_at",64.2989825660655,130.013671616149,2.75211832900054,0.00660518231201397,0.0256271886821859,-3.6128268861003,"TXNIP"
"204363_at",436.459561588524,801.561776708074,2.74890052829474,0.00666736438985557,0.0258262945813215,-3.61546983108969,"F3"
"219440_at",63.5789132491804,284.143374180124,2.74791783952819,0.00668645987509144,0.0258892566865395,-3.61627644147154,"RAI2"
"202644_s_at",44.9403130297869,138.213397373913,2.74784614480287,0.00668785497850823,0.025890991358064,-3.61633528035161,"TNFAIP3"
"232929_at",48.1485884801639,138.031663487578,2.74615878459961,0.00672076557399713,0.0259963111254541,-3.61771969799965,"ZBTB20"
"209160_at",84.5519140368853,246.067864006211,2.74609359589528,0.00672203996994075,0.0259979310986803,-3.61777316849376,"AKR1C3"
"1553717_at",15.2083783716393,35.3122116447205,2.74486200118147,0.00674615806641217,0.0260723964290016,-3.61878317158422,"KCTD7"
"230131_x_at",33.4013014336066,110.877482975155,2.74455287162111,0.00675222400721803,0.026092151218789,-3.61903662145237,"ARSD"
"1553185_at",1907.96195457705,4643.66105962733,2.74317957076996,0.00677923167051687,0.0261753938030372,-3.62016227388902,"RASEF"
"227223_at",157.552851059295,663.85782943913,2.74221179883667,0.00679832292541037,0.0262313553949761,-3.62095523970843,"RBM39"
"211917_s_at",8.7710729577377,17.8608955465839,2.73827165137137,0.00687655476910001,0.0264808868855151,-3.62418123767372,"PRLR"
"1556155_at",38.8254311821311,145.812958475155,2.73818816459659,0.00687822120058224,0.0264854387028547,-3.62424954992913,"GPR37L1"
"232216_at",43.5566004498362,166.420999989441,2.7352903404768,0.00693629044837135,0.0266605533631342,-3.62661957104899,"YME1L1"
"203010_at",32.5685189514755,101.685650947205,2.73416747304131,0.00695891072522663,0.0267415268415635,-3.62753734923754,"STAT5A"
"231643_s_at",47.0653421072132,166.110804776398,2.73357499155526,0.00697087325972469,0.026778085819957,-3.62802148632283,"CMIP"
"217456_x_at",104.7268889,310.563214080745,2.73352080344083,0.00697196827822078,0.0267804106794802,-3.62806576085534,"HLA-E"
"243403_x_at",16.1798595442295,46.2063542751553,2.73241889411816,0.00699426921237863,0.0268472106983152,-3.62896591688933,"CPM"
"212647_at",27.9113148955246,67.5675140434783,2.73190155886767,0.00700476156474636,0.0268799367316471,-3.62938842467987,"RRAS"
"205209_at",82.793102611213,270.182576368944,2.73058111357476,0.00703160693709402,0.0269583556051901,-3.63046652448412,"ACVR1B"
"241440_at",26.8043546629508,41.1174697695652,2.7284745884628,0.00707462684267376,0.0270890974594291,-3.63218551563612,"ZIC1"
"209386_at",86.4916933281967,233.314316142857,2.72614828446441,0.00712241217429367,0.0272434507926058,-3.63408254329636,"TM4SF1"
"241392_at",22.1665979998361,76.1409622819876,2.72522966829792,0.00714136216722041,0.0273075468103097,-3.63483126705746,"TMEM39A"
"201141_at",89.6697313311475,248.431676167702,2.72514848521675,0.00714303907581037,0.0273108854174778,-3.63489742551096,"GPNMB"
"230956_at",9.84577843059017,24.7462865049689,2.72480495635465,0.00715013891930254,0.0273284757366562,-3.63517735862399,"COLCA1"
"238831_at",50.7950997622951,152.624471642857,2.72340140682041,0.00717921309739204,0.0274185160729191,-3.63632076445013,"TMEM33"
"208471_at",17.9651826266557,43.4204440652174,2.72139340615235,0.00722099458099076,0.0275626835182679,-3.63795571713517,"HPR"
"229193_at",66.0500194241311,242.181574113043,2.72102504024009,0.00722868322502144,0.0275832689813348,-3.63825553639773,"LUC7L3"
"1555913_at",79.9892457238854,315.041690532298,2.72084570050112,0.00723242914144779,0.0275909198512879,-3.63840149155781,"GON4L"
"238688_at",35.293981316541,91.6636770782609,2.71913162990199,0.00726832020344404,0.0277085069811255,-3.63979607037812,"TPM1"
"239822_at",36.5051735050819,65.669831115528,2.71727132256621,0.00730745582240125,0.027828077363326,-3.64130878220779,"LINC01354"
"227771_at",23.8538003687705,78.8378884,2.71678774170874,0.00731766020347654,0.0278558150543118,-3.64170186247423,"LIFR"
"237107_at",71.2149303127869,280.775171937888,2.7166204569796,0.00732119319980438,0.0278653837938952,-3.64183782654785,"PRKRA"
"235926_at",95.0166904826723,313.725423119876,2.71616813053419,0.00733075391667011,0.0278907440366838,-3.64220542840687,"ANAPC5"
"227976_at",17.8710226118852,49.883533957764,2.71504870712275,0.00735446353859174,0.0279647606907645,-3.6431149502874,"SMIM10"
"201587_s_at",177.119006452459,763.084570397516,2.71501311019173,0.00735521862692165,0.0279656869559765,-3.64314386725196,"IRAK1"
"219379_x_at",82.1396900868854,317.22360026087,2.71352938232936,0.00738675423513647,0.028048530301138,-3.64434887805941,"ZNF358"
"237052_x_at",25.7107208937705,94.5409166857143,2.71347957058083,0.00738781507020732,0.0280506103446934,-3.64438932298291,"GIGYF2"
"1557718_at",46.3184709560655,204.003338282609,2.71295353679976,0.00739902637432552,0.0280892769765483,-3.64481640042252,"PPP2R5C"
"220109_at",26.0830354107541,53.4218373975155,2.71234087486579,0.00741210339235669,0.0281220503139829,-3.64531372084224,"TF"
"211945_s_at",321.718582003278,1112.85569740994,2.7123322152523,0.00741228837814006,0.0281220503139829,-3.64532074948629,"ITGB1"
"232168_x_at",55.4137326447541,213.42512436646,2.71142715185502,0.00743164531400971,0.0281818010503177,-3.64605524601572,"MACF1"
"227065_at",65.4295446360655,352.410931381988,2.71018405394962,0.00745830651855244,0.0282672195273711,-3.64706373131024,"RNF216"
"238273_at",19.6815937272131,66.6735629099379,2.70975317005699,0.00746756804144616,0.0282964365282465,-3.64741320160957,"SLC13A4"
"239188_at",24.9278909936885,69.7033897291926,2.70942710522604,0.00747458347660119,0.0283151702059981,-3.64767762648318,"PPP2R3C"
"220326_s_at",31.8446238367213,103.267971267081,2.70851397444275,0.00749426166554039,0.0283779109519098,-3.64841799292804,"ARHGEF40"
"225776_at",34.2305626816393,89.6682936552795,2.70824945535316,0.00749997086894963,0.0283916712081853,-3.64863242529469,"RBMS2"
"225588_s_at",83.6979754262296,342.653306714286,2.70820074055775,0.00750102272573045,0.0283936871731731,-3.64867191399201,"TMEM129"
"217633_at",17.2375059959016,38.2122987673913,2.70554714895656,0.00755852158512164,0.0285816562463881,-3.65082202732003,"URB1"
"238446_at",20.7313453131148,59.3978563826087,2.70536668118984,0.00756244646608483,0.0285945200921983,-3.65096818886798,"NAIP"
"207489_at",8.95387369078689,20.1973777575155,2.70268090540253,0.00762107610689362,0.0287903224034,-3.65314242702889,"RPS2P45"
"226500_at",129.89818272623,682.808656645963,2.70183134018808,0.00763970729028415,0.0288407785746244,-3.65382979927252,"ZBTB47"
"236855_at",66.4842385395082,173.290559869565,2.70059080592096,0.00766698655120657,0.0289297784463229,-3.6548331685667,"LINC01561"
"226056_at",33.7478940021311,112.092346073913,2.70027157325186,0.00767402069679503,0.0289483290739112,-3.65509130686213,"ARHGAP31"
"201009_s_at",109.49180802541,244.184674101863,2.70022217949229,0.00767510958706688,0.0289504392323478,-3.65513124537726,"TXNIP"
"203168_at",25.882092674918,88.6961047546584,2.70002522903708,0.00767945276913385,0.0289622884066656,-3.65529048822143,"ATF6B"
"1562013_a_at",49.1023040503279,187.35357661677,2.70000766974526,0.00767984009729929,0.0289622884066656,-3.65530468517695,"LOC100506730"
"223276_at",41.930847390328,175.761009409938,2.69973378395271,0.00768588384100735,0.0289810826901432,-3.65552611582961,"SMIM3"
"215541_s_at",64.4717915673771,169.805292578261,2.69784426534176,0.00772769656900986,0.0291327180521695,-3.6570532281445,"DIAPH1"
"229631_at",17.8599078003279,64.7792851546584,2.69709112880682,0.00774441982738637,0.0291801362807097,-3.65766166023207,"DNHD1"
"213641_at",54.2610629326229,164.941983518012,2.69583305447905,0.00777242815977774,0.0292630153997967,-3.65867769026864,"ZNF500"
"232203_at",27.4907643437705,95.0556816354037,2.69338920001129,0.00782709732152011,0.0294428061993791,-3.66065020894872,"NKD1"
"209835_x_at",15.5187252601147,40.6737435757764,2.69296972849948,0.00783651581035901,0.0294677786747854,-3.66098862525998,"CD44"
"224373_s_at",11352.233437377,46430.1127118012,2.69023089815032,0.00789826370363137,0.0296673239898355,-3.66319712072645,"MT-ND4"
"232847_at",18.7427376695246,45.4096376801242,2.68981739227367,0.00790762446344545,0.0296993532403944,-3.66353039046989,"SALL3"
"1558976_x_at",9.21606980262295,20.740461315528,2.6890625416661,0.00792473830164767,0.0297524594274934,-3.66413865805078,"UBALD1"
"223741_s_at",265.364410109836,944.733112565217,2.68838837409974,0.0079400512070953,0.0298058564880148,-3.66468178703203,"TTYH2"
"203908_at",372.12378095082,1086.68502024845,2.68735483009939,0.00796357885660366,0.0298859684250673,-3.66551421428299,"SLC4A4"
"1557357_at",15.1436370036066,53.4582110329193,2.6853770330588,0.00800877728524167,0.0300164448910466,-3.66710639070014,"THUMPD3-AS1"
"222692_s_at",18.5156580184918,39.759768336646,2.68396670594097,0.00804114884675513,0.03011093851081,-3.66824112786562,"FNDC3B"
"226620_x_at",224.464907237704,1065.25507730435,2.68300389048974,0.00806331644097912,0.0301774129927123,-3.66901550839922,"DAZAP1"
"202221_s_at",57.6328040565573,227.773857099379,2.68256897157612,0.00807334798768714,0.0302087531636185,-3.66936523044092,"EP300"
"56197_at",110.079066562295,519.946136770186,2.68244661744068,0.0080761721576792,0.0302172526326634,-3.66946360772158,"PLSCR3"
"1556359_at",20.1820822907213,62.000515642236,2.68216054595388,0.00808277872467793,0.0302399019277245,-3.66969360488376,"C6orf89"
"1569300_at",16.299542176541,47.6127573925466,2.6821097690422,0.00808395188257423,0.0302422216339204,-3.6697344265644,"MFAP3L"
"233903_s_at",25.520675062623,97.7499802279503,2.68154059247122,0.00809711276196518,0.0302769552906884,-3.67019196618994,"ARHGEF26"
"220375_s_at",40.7589085213115,159.22805252795,2.67887733779451,0.00815895190777404,0.0304644332143376,-3.67233175347418,"PITX1-AS1"
"205168_at",32.6718513844262,81.5904675596273,2.67704400281733,0.00820176843661397,0.0305992282000593,-3.67380368676465,"DDR2"
"235955_at",14.1411485379688,27.8720719254037,2.67669306767344,0.00820998744091355,0.0306276123954966,-3.67408534449706,"MARVELD2"
"210619_s_at",22.126940932,36.9388150726708,2.67634745129518,0.00821808914895175,0.0306498789841376,-3.67436270256563,"HYAL1"
"243696_at",22.5520068646066,75.1960883962733,2.6757360775258,0.00823243825177618,0.0306906151244963,-3.67485325663349,"CEP104"
"222101_s_at",95.0240946683606,291.797563714286,2.67566840048697,0.00823402804001783,0.0306944489730671,-3.67490755344116,"DCHS1"
"39891_at",32.0289944555739,140.398594310559,2.67551708590745,0.00823758354471722,0.0307035162797337,-3.67502894780463,"ZNF710"
"219155_at",161.382990352459,484.921204354037,2.67522611953801,0.00824442440576247,0.0307269191809859,-3.67526236338307,"PITPNC1"
"218678_at",55.7444023686229,126.098408160248,2.67328206840686,0.00829026248352263,0.0308490540551106,-3.67682133968059,"NES"
"206864_s_at",145.993977490164,314.496712534161,2.67325468687967,0.00829090974310182,0.0308490540551106,-3.67684329059028,"HRK"
"220668_s_at",31.6267728291804,121.331671229814,2.67199781348579,0.00832066957819503,0.0309350181977498,-3.67785067939491,"DNMT3B"
"211105_s_at",30.3663070699507,102.959741068944,2.67108619786823,0.00834231483142929,0.0310008878820361,-3.67858108912645,"NFATC1"
"215498_s_at",33.3575517754098,125.499692782609,2.67034721087999,0.00835989851761244,0.0310556768209308,-3.67917302784893,"MAP2K3"
"211576_s_at",78.3329463537707,217.312585672671,2.6699680861189,0.00836893251206744,0.0310829009644241,-3.6794766575792,"SLC19A1"
"232175_at",50.3559677397868,161.161151963354,2.66839676057998,0.00840646897260784,0.0311947665995204,-3.68073469197936,"ARF1"
"235031_at",31.9219655332787,121.830341981366,2.66784118853179,0.00841977703029273,0.0312314320984569,-3.68117934227313,"INVS"
"224110_at",88.5819257813606,188.138347079503,2.6652341567579,0.00848247970071229,0.0314235095627376,-3.68326481287019,"PRO1804"
"243323_s_at",13.9749037124098,28.917315042236,2.66396668277319,0.00851311618496756,0.0315177835463909,-3.68427808595328,"ZFHX3"
"230853_at",15.9128449527049,41.1891767913043,2.66278988245583,0.0085416503379125,0.0316105815774581,-3.68521850100917,"FEM1A"
"236064_at",23.7302167647541,71.3661797565217,2.662436881033,0.00855022645900965,0.0316380367925252,-3.68550052522,"SLC25A35"
"238659_at",13.4108260913607,36.9621114084472,2.66208732328739,0.00855872657307099,0.0316652033687005,-3.685779766601,"DELE1"
"232593_at",26.9416699177869,78.5567639378882,2.66150170740398,0.00857298394825369,0.0317093693255832,-3.68624751072294,"NEURL3"
"1555772_a_at",8.45447818265573,19.7659374642236,2.66092798159861,0.00858697262845177,0.0317503704916887,-3.68670567247612,"CDC25A"
"211726_s_at",28.0275274250984,79.6634618732919,2.66087772701737,0.00858819892475361,0.0317516353205219,-3.68674580038029,"FMO2"
"238002_at",331.955908627869,852.954073850932,2.66040432371493,0.00859975851962137,0.0317868981246822,-3.68712377747517,"GOLIM4"
"225016_at",63.4365637304917,185.377637608696,2.65974138281462,0.0086159698530149,0.0318360581005332,-3.6876529892907,"APCDD1"
"209631_s_at",383.733137762295,1115.75018956522,2.65893503791341,0.0086357251024005,0.0318961203792304,-3.68829652516257,"GPR37"
"214150_x_at",614.593953213115,2446.03752745342,2.65810188905364,0.00865617996153494,0.0319565590409806,-3.68896127733507,"ATP6V0E1"
"205191_at",12.5078806120902,41.4046480508075,2.65799699594951,0.00865875831566123,0.031961761471022,-3.68904495670874,"RP2"
"203760_s_at",36.2517142163934,86.3498558645963,2.65790774287266,0.00866095277133197,0.0319677035558344,-3.68911615688757,"SLA"
"203637_s_at",122.217047296721,427.937680304348,2.65713684692563,0.00867992759845074,0.0320312527973336,-3.68973104119365,"MID1"
"222043_at",861.791927245902,2641.86660372671,2.65647362433561,0.00869628215663985,0.0320851087734857,-3.69025992039521,"CLU"
"233637_at",16.512372957918,48.2304194670807,2.65614770809145,0.00870432918227634,0.0321082983430684,-3.69051977706584,"DCAF8"
"217646_at",36.7009462111476,119.48654503354,2.65595505590125,0.00870908901378332,0.0321193552666849,-3.69067336795953,"SURF1"
"228560_at",78.6492449491805,320.251188652174,2.65573152101379,0.0087146148024586,0.0321332320154049,-3.69085156794181,"CHDH"
"223378_at",56.4741612203277,252.310454590062,2.65554193980279,0.00871930373359691,0.0321477257253306,-3.69100269028344,"GLIS2"
"239107_at",45.6202012826231,143.051107104348,2.65536122226262,0.00872377555717442,0.0321605035795639,-3.69114673844678,"ZNF280D"
"218143_s_at",52.660439514918,241.069123819876,2.65480647267573,0.00873751566268194,0.0321959609689402,-3.69158887134774,"SCAMP2"
"230653_at",189.289590540983,736.749293708075,2.65446049703077,0.00874609470970605,0.0322210584363034,-3.69186457225851,"LOC105369228"
"210066_s_at",34.5060522459017,89.2120898416149,2.65342559445493,0.00877180222939168,0.0322970426672038,-3.69268908099818,"AQP4"
"228802_at",30.5866791538688,63.7017811347826,2.65240124599656,0.00879731467073143,0.0323770314769952,-3.69350490970599,"RBPMS2"
"225697_at",38.8637478167706,151.463052225466,2.65149558117287,0.00881992689224123,0.0324408913235381,-3.69422598935481,"CDK12"
"206028_s_at",67.7689086983606,212.171002776398,2.65135959582888,0.00882332663361827,0.0324509204690622,-3.69433424104133,"MERTK"
"242914_at",15.685444735082,45.4989250627329,2.6503889846804,0.00884762702150369,0.0325252393217321,-3.69510676167121,"LOC105378044"
"229047_at",13.4197974754098,31.2004110596273,2.64963334578761,0.00886658708867414,0.0325815343150251,-3.69570801538995,"PLEKHB1"
"210427_x_at",91.0699995270492,192.331167720497,2.64889546136658,0.00888513701726698,0.0326387306113325,-3.69629500010382,"ANXA2"
"221794_at",32.6368351845574,80.0090041950311,2.6488373582975,0.00888659917525246,0.0326404754892271,-3.69634121495252,"DOCK6"
"209732_at",25.5654767069836,70.4563760378882,2.64859899372039,0.00889259986713294,0.032650863478525,-3.6965307996687,"CLEC2B"
"244840_x_at",39.1254290498361,133.77045631677,2.64829333202086,0.00890030007156274,0.0326724792810993,-3.69677388813573,"DOCK4"
"206563_s_at",15.619613393082,45.1127101304348,2.64752050712574,0.00891979583438552,0.0327264687454723,-3.69738839755174,"OPRL1"
"201744_s_at",13.8323870796229,29.2607442773292,2.64740932270082,0.00892260380772746,0.0327340656885261,-3.69747679285101,"LUM"
"215269_at",44.4770500486887,204.720823645963,2.64661255328045,0.00894274962531639,0.0328018808375267,-3.69811015769186,"TRAPPC10"
"1555923_a_at",32.9979576611477,114.628572745342,2.64566086205966,0.00896686627810856,0.0328754009733788,-3.69886645789964,"MIR1915HG"
"215757_at",14.379357869459,34.9787565273292,2.64347869627552,0.00902238565978917,0.033049640623675,-3.70059972325466,"PRKDC"
"242633_x_at",57.285973270492,195.814991086957,2.64278875177242,0.00904000381126635,0.0331075228334776,-3.70114748151163,"ZNF75A"
"204736_s_at",22.4052397164754,55.8384199490683,2.64228505774474,0.00905288551824398,0.0331369428740704,-3.70154729492122,"CSPG4"
"211916_s_at",15.6576584047541,53.324382852795,2.64182261543531,0.00906472679817569,0.0331710647811124,-3.70191430663871,"MYO1A"
"222294_s_at",33.1254627955738,105.870832046584,2.64138463359363,0.00907595461278043,0.0332013795298923,-3.70226185473263,"RAB27A"
"225678_at",49.9966843391803,237.73115615528,2.64130953163259,0.00907788113555885,0.0332039838832406,-3.70232144479733,"POLR3H"
"233360_at",25.0941165692295,72.6988486807453,2.6411027224832,0.00908318812867111,0.0332211727162414,-3.70248553113492,"UBE2I"
"212063_at",98.202211380918,155.510552043478,2.64014265699463,0.00910786129807482,0.033289379567729,-3.70324712093826,"CD44"
"237349_at",12.7106723996557,17.6645663167702,2.63977573873906,0.00911730684071179,0.0333145312230564,-3.70353812284624,"TSHR-AS1"
"227567_at",201.49361985082,789.678351726708,2.63939075407195,0.00912722695380111,0.0333376400360128,-3.70384341582501,"LINC00674"
"235918_x_at",104.317243868853,381.658409304348,2.63924303129566,0.00913103598953229,0.0333470972365024,-3.70396054988453,"CEP97"
"232370_at",23.4279194295902,42.1510601267081,2.63876667648896,0.00914332856911667,0.0333808419816008,-3.70433822830541,"GATA2-AS1"
"1564334_at",20.9628432451967,53.6858273229814,2.63810616282321,0.00916039813406932,0.0334319983966518,-3.70486182036072,"LINC00304"
"202082_s_at",105.123128155082,362.258409124224,2.63782753308608,0.00916760733084447,0.0334501562527674,-3.70508265759017,"SEC14L1"
"210054_at",52.8431510193442,212.204493291925,2.6377541646714,0.00916950649704647,0.0334513041191692,-3.70514080482444,"HAUS3"
"204802_at",13.8256611589508,26.5268070565217,2.63768090911784,0.0091714030954399,0.0334542974343303,-3.70519886122553,"RRAD"
"238711_s_at",62.6044861836066,285.391009543478,2.63606577502696,0.00921330908348028,0.0335757964499956,-3.70647853326254,"ZNF148"
"228540_at",26.1269604036066,86.4486600329192,2.63604214956452,0.00921392334357076,0.0335757970414377,-3.70649724673675,"QKI"
"233072_at",58.0629328444262,205.092659509317,2.63389169912663,0.00926998962785836,0.0337441200334991,-3.70819999160556,"NTNG2"
"236291_at",36.8201874547541,109.024563434161,2.63385862516298,0.00927085432249052,0.0337450209761114,-3.70822617052286,"RDH5"
"216129_at",33.6378256014755,134.360772068323,2.63237240801189,0.0093097854453751,0.0338396865858352,-3.70940225902968,"ATP9A"
"202734_at",24.7798462695082,70.1050359335404,2.63038539045739,0.00936206492654602,0.0340090156856877,-3.71097375430831,"TRIP10"
"227211_at",30.0624155114754,105.762578759627,2.63034378577173,0.0093631623878563,0.0340090156856877,-3.71100664777415,"PHF19"
"1558621_at",27.9887805303771,55.8899939757764,2.63033906451298,0.00936328693400379,0.0340090156856877,-3.711010380464,"CABLES1"
"217602_at",12.5085570781967,31.2550881024845,2.62864659081978,0.00940803039574863,0.034144312106708,-3.71234810133252,"PPIA"
"1552508_at",13.7174990001148,28.8831382012422,2.62819643849543,0.00941996331550045,0.0341762769923681,-3.71270377429076,"KCNE4"
"218443_s_at",56.645105495082,263.218943043478,2.62746646647832,0.00943934283989529,0.0342374996531296,-3.71328042613124,"DAZAP1"
"224151_s_at",82.0516427999997,292.762412291925,2.62653629889608,0.00946408922678904,0.0343090490965847,-3.71401502563466,"AK3"
"232342_at",29.129936020377,90.2609022055901,2.62630064334046,0.0094703679256932,0.0343272584418772,-3.71420109899162,"MTMR14"
"237481_at",14.197301513859,20.6534868455901,2.62611631146583,0.00947528179344762,0.0343382403431264,-3.71434663721582,"ACAD10"
"241843_at",29.7175076173115,95.8631412440994,2.62491529523032,0.00950735438553454,0.0344248080151723,-3.71529467780379,"EIF5"
"202834_at",397.820000159017,1171.90882534161,2.62304431476328,0.00955751279420127,0.0345766566547313,-3.71677082133418,"AGT"
"242992_at",25.1038169713115,98.8866721801242,2.62144659855289,0.00960053376260201,0.0347116243532777,-3.7180306509517,"ZNF551"
"228501_at",92.520544722295,279.976992583851,2.62070953964373,0.00962043888758862,0.0347674992516959,-3.71861161316898,"GALNT15"
"201426_s_at",261.204818296721,620.406114378882,2.62043994595932,0.00962772884708775,0.0347823493269805,-3.71882407630737,"VIM"
"1560659_at",113.290940177492,347.214915518012,2.62027351980756,0.00963223158169888,0.0347884030219588,-3.71895522511295,"LINC00342"
"1553407_at",35.9591952534755,97.7731592726708,2.62026042727024,0.0096325858865923,0.0347884030219588,-3.71896554212123,"MACF1"
"1561061_at",15.2175499195082,56.6651711304348,2.61779120304308,0.009699617073654,0.0349865789353498,-3.72091051386961,"LINC02226"
"1553613_s_at",745.611123237836,757.457516495652,2.6176130781096,0.00970446876163655,0.0349971525323183,-3.7210507591979,"FOXC1"
"207702_s_at",131.165400062459,408.021827732919,2.61659071736552,0.00973235762369658,0.0350722813785665,-3.72185554826318,"MAGI2"
"227046_at",45.0181796400001,176.70359126087,2.61653592575155,0.00973385431157557,0.0350736683166443,-3.72189867186246,"SLC39A11"
"222586_s_at",37.940485210164,129.106370873913,2.61568322910888,0.00975717327703661,0.0351431784533582,-3.72256968431199,"OSBPL11"
"235571_at",59.5646195918033,191.228219139752,2.61428223650459,0.00979559579953903,0.0352490588613793,-3.72367175809215,"MIR34AHG"
"216212_s_at",51.5825192644263,219.926270606832,2.61409473171086,0.00980074847193668,0.0352629588512199,-3.72381921785531,"DKC1"
"219815_at",40.5690186081968,135.412751095652,2.61315830825697,0.00982651810059602,0.0353370742666461,-3.72455551477371,"GAL3ST4"
"1560566_at",10.0922224955246,21.2645755888199,2.61196751704125,0.00985937574426724,0.0354319290665053,-3.72549148920499,"LINC02339"
"229309_at",251.859977936066,897.125669068323,2.61174181361209,0.00986561473364037,0.0354520200829305,-3.72566885302607,"ADRB1"
"225280_x_at",30.6915612168853,93.5008777142857,2.61021046689535,0.0099080387165593,0.0355857594973317,-3.72687187753235,"ARSD"
"200679_x_at",156.928554856557,779.204194478261,2.61001022031202,0.00991359840127791,0.0356033888984413,-3.72702914608707,"HMGB1"
"217875_s_at",33.3084015816394,104.906235385714,2.6097699260149,0.00992027368136046,0.0356203430438289,-3.72721785336377,"PMEPA1"
"224653_at",183.289956852459,882.527504844721,2.60895569863454,0.00994292265586535,0.0356876056068692,-3.72785716886688,"EIF4EBP2"
"238130_at",28.4631974990164,91.1578929987578,2.60784844712221,0.00997379714793936,0.0357837658467938,-3.72872628521805,"NFATC2IP"
"204644_at",18.6810584308197,60.569409531677,2.60783060981268,0.0099742952264314,0.0357837658467938,-3.72874028367662,"ENOX2"
"218381_s_at",102.448544239016,423.054873714286,2.60765021162387,0.00997933381581493,0.035794796062434,-3.72888185288577,"U2AF2"
"212362_at",15.3955749285246,59.3575638111801,2.60604120638336,0.0100243752679247,0.0359327816019,-3.73014416157162,"ATP2A2"
"227401_at",208.582968288524,901.18693,2.60538401609372,0.0100428247358288,0.0359847593178741,-3.73065955206867,"IL17D"
"235489_at",80.2027824118035,237.004770310559,2.60489465652868,0.0100565824704504,0.0360293327155412,-3.73104325129701,"RHOJ"
"215738_at",15.8730471889344,44.9729805571429,2.60444914169885,0.0100691222953042,0.0360622035998592,-3.73139251848234,"LINC00563"
"216048_s_at",13.1187025516229,38.8916264118012,2.60383234260294,0.0100865064267924,0.0361081476386351,-3.73187598114501,"RHOBTB3"
"227667_at",34.8078994721312,137.129268664596,2.60335552930496,0.0100999636214052,0.0361444895274467,-3.73224965171101,"CUEDC1"
"212620_at",51.6941188030165,193.423064865839,2.60232558707262,0.0101290869732,0.0362321118913777,-3.73305659860959,"ZNF609"
"1554171_at",118.853706254099,447.697881043478,2.60155417239251,0.0101509494344983,0.03628894732125,-3.73366081192835,"ZMYM3"
"213592_at",167.016617335328,206.354937520497,2.60137865179247,0.0101559297362698,0.0362972583560302,-3.73379826748111,"APLNR"
"31845_at",16.3894084905246,49.1371025378882,2.60082636839519,0.0101716148065459,0.0363366899410584,-3.73423072529735,"ELF4"
"238076_at",254.423349301639,1021.56605913043,2.60052778911627,0.0101801036408737,0.036359888069295,-3.73446449063818,"GATAD2B"
"223437_at",55.804724716918,170.624229995031,2.59969387531575,0.0102038461709616,0.0364208962917695,-3.7351172603521,"PPARA"
"223281_s_at",133.399684,452.946646583851,2.59936324568866,0.0102132733612419,0.0364402715365376,-3.73537602005821,"COX15"
"1565703_at",22.2754179001967,52.4912940838509,2.59809411212919,0.0102495326857394,0.0365386450800548,-3.73636901454814,"SMAD4"
"1563005_at",21.2945261518361,57.8959858490683,2.59760084228567,0.0102636566587614,0.0365770712956446,-3.73675484537555,"ERLNC1"
"223599_at",12.9880297428033,36.2227663273292,2.59592634830983,0.010311733577951,0.0367193918061733,-3.7380641462866,"TRIM6"
"226448_at",46.2932994077049,166.702292778882,2.59537545494475,0.0103275946202247,0.0367641927118161,-3.73849473505869,"FAM89A"
"215434_x_at",67.6638398291802,241.713150658385,2.59367556654693,0.0103766751865647,0.0369052700075083,-3.73982290276674,"NBPF1"
"209298_s_at",68.1880800086886,181.563038447205,2.59232075547423,0.0104159423173793,0.037009426183711,-3.74088091418596,"ITSN1"
"202081_at",93.3754984016394,413.075310074534,2.59188907087498,0.0104284820432462,0.0370413340943601,-3.74121792893775,"IER2"
"212290_at",70.9501514884099,297.741017598137,2.5915845521732,0.0104373359631784,0.0370655588326043,-3.74145563652307,"SLC7A1"
"202146_at",400.471886796721,1535.38130316149,2.59149549730749,0.0104399265202213,0.0370723506198025,-3.74152514827487,"IFRD1"
"226932_at",92.4428916737704,279.401266465217,2.59133292458974,0.0104446571604201,0.0370843321154599,-3.74165203904402,"SSPN"
"243051_at",15.2713571667705,49.888480236646,2.59083680375069,0.0104591054910632,0.0371259879714265,-3.74203922726937,"CNIH4"
"204469_at",777.058483032788,2633.82482248447,2.58999065814684,0.0104837888692787,0.0372015288439651,-3.74269943797945,"PTPRZ1"
"207543_s_at",52.1895267540983,212.866699372671,2.58898965937579,0.0105130570905025,0.0372739379043656,-3.74348023326138,"P4HA1"
"242008_at",180.511989213115,720.943634745342,2.58794489173829,0.0105436833009483,0.037370406098752,-3.74429489075778,"AGTPBP1"
"203227_s_at",225.718116195081,1028.19797240373,2.58776640714338,0.0105489233839141,0.0373865551316201,-3.7444340356858,"TSPAN31"
"239873_at",24.4311824731803,70.8934369496894,2.58742735698747,0.0105588839094783,0.037416005861454,-3.74469833318472,"LOC105376301"
"242918_at",147.712220184098,479.850771157143,2.58446734491884,0.0106462016442894,0.037645910936588,-3.74700445994997,"NASP"
"242731_x_at",33.5120966674262,93.9246321397516,2.58321042746308,0.0106834752423488,0.0377606185839692,-3.74798302603917,"BMPR1A"
"232976_at",20.3636888637049,45.8076512149068,2.58228155813644,0.0107110958670605,0.0378386745836745,-3.74870592755169,"SNORD116-20"
"209728_at",39.8670835205738,46.4890422118012,2.58137601757827,0.0107380844704074,0.0379217651737195,-3.74941045675635,"HLA-DRB4"
"204060_s_at",51.3585909408196,151.279306775155,2.58072249237755,0.0107575999414706,0.0379808715484892,-3.74991878002837,"PRKX"
"242804_at",37.7804690742622,185.652829515528,2.57979815251584,0.0107852567840374,0.0380613125067607,-3.75063755754175,"POLN"
"224899_s_at",115.764788781803,362.429502024845,2.57772098024581,0.0108476400294691,0.0382395047460494,-3.75225197819376,"MAGT1"
"1565908_at",16.794175975,43.3778425018634,2.57623046202154,0.0108926037232273,0.0383584380115581,-3.7534097458731,"NADSYN1"
"1559485_at",26.8912964198361,93.032821473913,2.57561964452177,0.0109110781866407,0.0384135994755041,-3.75388403407529,"ATG2B"
"219202_at",40.4034768724591,123.554899397516,2.57470000457913,0.0109389461501633,0.0384918831741652,-3.75459793342367,"RHBDF2"
"242507_at",17.7792745040492,49.3212966652174,2.57317282056519,0.0109853656673346,0.0386328467139333,-3.75578297032034,"UBXN7-AS1"
"227586_at",148.925742321312,721.419454347826,2.57215619571149,0.0110163643560132,0.0387194472335447,-3.75657149515087,"TMEM170A"
"1553542_at",18.16766292,50.9278405832298,2.57192926596376,0.0110232945459742,0.0387287160522129,-3.7567474718565,"CCDC125"
"1558969_a_at",38.7947528034427,168.357530360248,2.5719245659496,0.01102343812066,0.0387287160522129,-3.75675111642393,"RPL32P3"
"244153_at",29.4765465637705,119.632736440994,2.57190972539468,0.0110238914766878,0.0387287160522129,-3.75676262430937,"ZNF207"
"218031_s_at",60.4953144786882,242.09436291118,2.57158530170354,0.0110338062983553,0.0387583269747882,-3.75701417942041,"FOXN3"
"225303_at",15.3553225830328,36.4780314248447,2.5708172166208,0.0110573118914696,0.0388184491887827,-3.75760963589385,"KIRREL1"
"223235_s_at",28.7122984212787,71.7151676242236,2.56982908514536,0.011087617570826,0.0389044062446795,-3.75837545632315,"SMOC2"
"243361_at",28.0924798215081,93.7507441012422,2.56894188733081,0.0111148910806629,0.0389825640254382,-3.75906283400228,"SREK1"
"1555065_x_at",39.8376236946639,109.281008458696,2.56851793043646,0.0111279452447367,0.039016314368089,-3.75939123212428,"USP6"
"216263_s_at",12.7230171817541,38.7463784291925,2.56838327215754,0.0111320944174456,0.0390258567757013,-3.75949552895508,"NGDN"
"223916_s_at",27.7964693450492,82.8439548149068,2.56809624064685,0.0111409432365063,0.0390518702048971,-3.75971782756296,"BCOR"
"204549_at",21.2028661,87.9382790496894,2.56672642058137,0.0111832599821881,0.0391750858230479,-3.76077842189348,"IKBKE"
"209900_s_at",114.675059385246,292.495302474534,2.56655626680625,0.0111885264539485,0.0391868783066865,-3.76091013060439,"SLC16A1"
"33850_at",116.930133953443,370.588784,2.56652503811258,0.0111894932624415,0.0391868783066865,-3.76093430256981,"MAP4"
"204963_at",75.9899269793443,297.345707770186,2.56621681946348,0.0111990394154073,0.0392117833017304,-3.76117285957452,"SSPN"
"212464_s_at",106.492302115082,285.470369732919,2.56567491710134,0.0112158409275809,0.039251236915679,-3.76159222436928,"FN1"
"200771_at",76.1880477606559,388.436434434783,2.56355422316124,0.0112818098222394,0.039431883400303,-3.76323263884796,"LAMC1"
"235612_at",91.4300616180328,365.103011229814,2.56305498933099,0.0112973900807821,0.0394787679066062,-3.76361863883454,"PRPF38A"
"202551_s_at",72.1944510721312,336.817490285714,2.56250783284425,0.0113144880728692,0.0395309371451288,-3.76404161703641,"CRIM1"
"200904_at",72.504804470705,233.331656306211,2.56229381116413,0.0113211823041206,0.039549271131416,-3.76420704475837,"HLA-E"
"221605_s_at",59.8892157760657,219.792758832298,2.56210447619067,0.0113271073362583,0.0395674414522057,-3.76435338094357,"PIPOX"
"227755_at",35.7814086524592,171.360701571429,2.55971315717969,0.0114021806234898,0.0397991717051394,-3.7662008140779,"ERN1"
"201389_at",20.4431816428525,67.0184324807453,2.55949018121079,0.0114092034247757,0.0398160590572294,-3.76637299975012,"ITGA5"
"203178_at",263.907121583607,800.681445838509,2.5590768440233,0.0114222320523868,0.0398564386664272,-3.76669215104736,"GATM"
"210048_at",29.5858935680327,121.064128890683,2.55899244658934,0.0114248939466404,0.0398585265759775,-3.76675731159874,"NAPG"
"213422_s_at",36.6763086240656,120.229723079503,2.55799479672234,0.0114564019575266,0.0399476260859543,-3.76752742382338,"MXRA8"
"229346_at",23.6538253406558,73.981616121118,2.5570213669681,0.0114872200577663,0.040034660674297,-3.76827858884682,"NES"
"229694_at",158.081569352459,670.645171304348,2.55349504618728,0.0115994836604371,0.0403615967119201,-3.77099766244979,"WDR11"
"1562871_at",9.89004792426229,26.2276341652174,2.55203573676213,0.0116462288436941,0.0405062062359399,-3.77212195340793,"AOX3P-AOX2P"
"206995_x_at",22.9442005379016,68.5492710888199,2.55122031098873,0.0116724222927662,0.0405792388158577,-3.7727499362638,"SCARF1"
"230430_at",21.2143255539672,33.6912449409938,2.55089811807225,0.0116827864404575,0.0406075237528299,-3.77299801828849,"ENTPD2"
"222652_s_at",48.8933402429508,174.425952689441,2.55062018264016,0.0116917335539513,0.0406308734546679,-3.77321200109516,"GLYR1"
"1555377_at",17.250405176,44.6750695763975,2.54898328707377,0.0117445519971475,0.0407833204473827,-3.77447183819916,"OR4D2"
"224218_s_at",25.8484640066229,71.9072539453416,2.54878655040071,0.0117509145475423,0.0408002319735107,-3.77462320936181,"TRPS1"
"242911_at",54.1207202462788,157.160818586957,2.54694323986474,0.0118106780964908,0.0409895153564578,-3.77604097806533,"MED13L"
"201891_s_at",1469.0127137541,4907.00997523602,2.54682930557245,0.0118143809708435,0.0409971616895703,-3.7761285805562,"B2M"
"1570200_at",20.4602411384426,68.5053869161491,2.54607764896694,0.011838835930239,0.0410689901964226,-3.77670643355894,"HELB"
"222847_s_at",28.6005159504919,87.8273624509317,2.54572794261438,0.0118502289756428,0.0411032969132315,-3.77697522772513,"EGLN3"
"201208_s_at",35.605972687377,134.086101928571,2.54545080683331,0.0118592647216233,0.0411269988017919,-3.77718821932581,"TNFAIP1"
"210867_at",20.3197714839344,71.1552388130435,2.54539916060887,0.0118609492787165,0.0411283314542448,-3.77722790959941,"CNOT4"
"230561_s_at",30.7149303468854,136.959168701863,2.54520786281087,0.0118671907501983,0.0411464680237867,-3.77737491641935,"KANSL1L"
"229487_at",21.9886818763606,44.4897271844721,2.54482083386044,0.0118798273313233,0.0411850586101134,-3.77767230761331,"EBF1"
"1554084_a_at",41.6798437334426,143.108661904348,2.54428385999699,0.0118973795935,0.0412302230636123,-3.77808485069568,"NOL9"
"201578_at",155.342950911475,592.847695602484,2.54402632089425,0.0119058061015395,0.0412489670237418,-3.77828268446931,"PODXL"
"226991_at",26.562197372623,64.1817778950311,2.5405452992683,0.0120202279899239,0.0415953142626005,-3.78095499319592,"NFATC2"
"213083_at",43.1911235418034,150.76227131677,2.54001045973078,0.0120378952090752,0.0416432724173482,-3.7813652966991,"SLC35D2"
"1560201_at",16.4232045152459,45.9487143608696,2.53891302043218,0.0120742194077818,0.0417266889653289,-3.78220696492931,"ZNF713"
"1557336_at",10.9627710303443,25.8329159136646,2.5384436632013,0.0120897846018143,0.0417672799888916,-3.78256683643938,"SUCLG2-DT"
"216867_s_at",64.7611357809836,207.952232097516,2.53751825028015,0.0121205264719684,0.0418470437518865,-3.7832762112887,"PDGFA"
"208879_x_at",21.6523177094918,70.5746707695652,2.53742616741555,0.0121235892522292,0.0418549752077814,-3.78334678506531,"PRPF6"
"207705_s_at",50.7384613518034,196.166629776398,2.53677612901696,0.01214522996645,0.0419045260757471,-3.7838449215247,"NINL"
"232498_at",15.9859564662787,37.9513022037267,2.53676483382349,0.0121456063049358,0.0419045260757471,-3.78385357625972,"MROH1"
"235030_at",49.3454549744754,154.381332904348,2.53670298121983,0.0121476673235891,0.0419089923597447,-3.7839009690898,"NXPE3"
"242891_at",14.9128565141311,35.0684064254658,2.53660637137572,0.0121508871299541,0.0419148109672074,-3.7839749916744,"ADCY5"
"232308_at",12.2495056827705,28.3734437490683,2.53655164086201,0.0121527115235372,0.0419184595640272,-3.78401692517546,"TTC21A"
"209703_x_at",48.7344662831146,180.829172621118,2.53550296484549,0.012187715574789,0.0420153435719791,-3.78482024926746,"TMT1A"
"1561130_at",37.9450259798361,100.483798408075,2.53530402270793,0.0121943662878142,0.042030320669876,-3.78497261360648,"HECTD4"
"211967_at",142.203500318033,439.279788559006,2.53385872116892,0.0122427808122287,0.0421732636661167,-3.78607921835544,"TMEM123"
"226333_at",43.5166242681967,146.172251364596,2.53208898742307,0.0123022971958692,0.0423382702325267,-3.78743347928265,"IL6R"
"201641_at",36.6639497654262,84.0949684714286,2.53051740296062,0.0123553665405147,0.0424858898311142,-3.78863541952278,"BST2"
"242701_at",30.4444939339344,125.046883497516,2.53049660766326,0.0123560701271979,0.0424858898311142,-3.78865131931387,"TBRG1"
"229775_s_at",22.307414412459,69.4314287496894,2.53036912201236,0.0123603842511125,0.0424953787920253,-3.78874879055962,"AFDN"
"232018_at",14.2976886445902,51.7610835285714,2.5300437344434,0.0123714014966128,0.0425305820439703,-3.78899755159271,"LENG1"
"211806_s_at",16.5966886780656,48.1931853484472,2.5291127732302,0.0124029712733805,0.0426149974468722,-3.78970912408011,"KCNJ15"
"225266_at",79.5657101622951,410.833441490683,2.5275103606024,0.0124574793089988,0.0427680490863923,-3.7909333811369,"ZNF652"
"239930_at",34.1141312012295,137.522640640994,2.5275043136266,0.0124576854092343,0.0427680490863923,-3.79093799979951,"GALNT2"
"233117_at",21.1744924688197,62.9878007254658,2.52593091790605,0.0125114154432003,0.0429219620533489,-3.79213942804577,"MAPT"
"228697_at",228.088055389345,629.041387981366,2.52584505924919,0.0125143533891214,0.0429275532687253,-3.79220497006464,"HINT3"
"215027_at",33.3388584104098,83.9186142968944,2.525611329466,0.012522354372802,0.042938835078893,-3.79238338280412,"RAPGEF3"
"236859_at",10.1707430256557,21.4708056322981,2.52510121503554,0.0125398323714918,0.0429906781358988,-3.79277271806288,"RUNX2"
"1553172_at",59.5579345860658,257.576736118012,2.52448407279809,0.0125610065948112,0.0430551711849604,-3.79324364875808,"ZNF777"
"234605_at",59.9895197440984,217.445796515528,2.52415653797687,0.0125722573277316,0.043080231222971,-3.79349354427143,"CDC14B"
"203990_s_at",13.6004031430983,32.9229966142857,2.52408958054269,0.0125745584059437,0.0430854158579289,-3.79354462654699,"KDM6A"
"223326_s_at",19.9620268714262,71.0995616198758,2.52356481223702,0.0125926057807759,0.043133411900488,-3.79394493494518,"GOLGA2P10"
"204717_s_at",16.2461357845902,54.5544184434783,2.52263672026206,0.0126245805880583,0.0432149623926036,-3.79465273282127,"SLC29A2"
"237465_at",17.5887169801967,47.1842394236025,2.51911832148939,0.0127464569962057,0.0435570318375744,-3.79733393677028,"USP53"
"231865_at",23.7035744049673,79.8938143397516,2.51800724678985,0.0127851621126714,0.0436674624256816,-3.79817995651703,"NCKAP5L"
"1558142_at",350.160545091804,1943.36373130435,2.51790134627015,0.0127888567108205,0.0436764039123976,-3.7982605767226,"TNRC6B"
"212873_at",24.3994297212131,75.8017118254658,2.51780046970311,0.0127923769229712,0.0436784617662806,-3.79833736953368,"ARHGAP45"
"221978_at",20.4725097303278,80.9803840726708,2.51635734627317,0.0128428313368157,0.0438261018187742,-3.7994356612224,"HLA-F"
"241836_x_at",19.1136254345901,63.404322415528,2.51560472014596,0.0128692150700328,0.0438996964034216,-3.80000823096762,"CEP97"
"203959_s_at",77.0017065803278,428.867759763975,2.51507834323702,0.0128876962651474,0.0439517710389803,-3.80040859007678,"ZBTB40"
"223233_s_at",22.1290592855902,70.8363157956522,2.51463056664212,0.0129034364416293,0.0439944741485458,-3.80074910877661,"CGN"
"204158_s_at",33.8549671866721,68.4966839099379,2.51367191060295,0.0129371927109099,0.0440930689109212,-3.80147795602514,"TCIRG1"
"227436_at",47.2697653724589,182.352051863354,2.51273665735938,0.0129702008889907,0.0441890412266679,-3.80218877711344,"OTUD7B"
"214313_s_at",23.8804100229507,99.5910474863354,2.51245247987056,0.0129802453368709,0.0442122423245338,-3.80240471501914,"EIF5B"
"222651_s_at",215.737163188525,871.17057931677,2.51145714514879,0.0130154809112152,0.044291824995977,-3.80316087195555,"TRPS1"
"1555575_a_at",162.649211491804,795.35431447205,2.50978555519427,0.0130748485845959,0.044448631869849,-3.80443019291668,"KDELR1"
"222715_s_at",26.526616735082,110.717095167702,2.50699382362995,0.0131745380115697,0.0447374613864093,-3.80654844924245,"SYNRG"
"1569450_at",6.99133658518689,14.9407492911801,2.50587607148854,0.0132146414210084,0.0448541420222022,-3.80739597911489,"CAPZA2"
"213383_at",88.010214482787,386.630540459627,2.50491961669955,0.0132490441618373,0.0449458019202368,-3.80812094425796,"SBF1"
"211148_s_at",13.7276849922951,36.4382973552795,2.50419666984269,0.0132751008646776,0.0450146452354408,-3.80866875686,"ANGPT2"
"226731_at",41.0894078677869,100.818629913665,2.50377250484045,0.0132904100437194,0.0450553800310242,-3.80899010343435,"ITGA1"
"236243_at",43.2966031311475,232.400534950311,2.50333656504179,0.01330616061813,0.0450982990122329,-3.80932032106751,"TUT7"
"204159_at",56.6456764990164,205.039576140373,2.50246556674285,0.0133376798149432,0.0451708154039904,-3.80997993845873,"CDKN2C"
"1553809_a_at",18.1933319668853,58.8078248037267,2.50211222899661,0.0133504851837478,0.0452113829310258,-3.81024746821879,"TMEM252"
"1552853_at",11.7223453157541,25.4284670086957,2.50125813946572,0.0133814836886012,0.0452995245293959,-3.81089400612079,"VWA5B1"
"31846_at",65.0855836418034,197.610052857143,2.50039247771407,0.0134129677035898,0.0453788809968903,-3.81154910745562,"RHOD"
"219754_at",27.8078597373771,115.131256912422,2.50030368249012,0.0134162009090953,0.0453861393827983,-3.81161629325705,"RBM41"
"212188_at",260.011999331886,898.440995444099,2.499059179398,0.0134615888801647,0.0455115243645194,-3.81255771182943,"KCTD12"
"219584_at",27.0733969023771,55.6826834861491,2.49872797355642,0.0134736912609893,0.04554680782086,-3.81280818731754,"PLA1A"
"207526_s_at",72.8235145895901,115.265369814907,2.49806239781617,0.013498040988627,0.0456206584071941,-3.8133114434576,"IL1RL1"
"238964_at",86.3329644544262,247.979239354037,2.49746666766899,0.0135198687310204,0.045677490135855,-3.81376178854515,"FIGN"
"244611_at",12.0618009042295,32.6893556776398,2.49735888751556,0.0135238211914357,0.0456880204919517,-3.81384325545282,"MED13"
"213392_at",79.3400701688524,351.723152819876,2.49628606734039,0.0135632193361968,0.0457928255654292,-3.81465399190522,"IQCK"
"244695_at",30.013074058082,101.824163910559,2.49464477234683,0.013623692188987,0.0459686108635438,-3.81589373921708,"GHRLOS"
"1558028_x_at",62.6754370721311,215.176571229814,2.4942511206153,0.0136382318262232,0.0460034749274325,-3.81619097697493,"NORAD"
"243997_x_at",18.0736457267213,65.2839882142857,2.49390536034497,0.0136510139903849,0.046038069943517,-3.8164520191384,"PSPC1"
"236205_at",13.6028315640492,33.5915796273292,2.49342474036128,0.0136687994297101,0.0460914476232883,-3.8168148251949,"ABCC6P1"
"1557675_at",35.0959811737705,136.549577496894,2.49340932182369,0.0136693703376611,0.0460914476232883,-3.81682646318934,"RAF1"
"209170_s_at",2417.25056467213,10805.4283065839,2.49329167924268,0.013673727033438,0.0461032946197105,-3.81691525836702,"GPM6B"
"214657_s_at",41.510549446623,75.6272136242236,2.49300062065377,0.0136845112212543,0.0461261656865523,-3.81713493008878,"NEAT1"
"219278_at",22.731097553918,64.3723797279503,2.49263772634525,0.0136979676584657,0.0461565624138181,-3.8174087872608,"MAP3K6"
"205846_at",21.9491395365574,66.9399133167702,2.49259653550515,0.0136994957959695,0.0461588668666193,-3.81743986961129,"PTPRB"
"215870_s_at",47.6428529840983,107.437046897516,2.49110558408181,0.0137549109625568,0.0463255979350618,-3.8185646300672,"PLA2G5"
"221009_s_at",93.8619393327869,303.727231167702,2.49083592526515,0.0137649548591184,0.0463508595751864,-3.81876799546655,"ANGPTL4"
"226465_s_at",324.404957642623,1431.44935906832,2.48975613630026,0.0138052389497688,0.0464466145602157,-3.81958213434224,"SON"
"229488_at",47.2976738691803,148.798342136646,2.48974970721407,0.0138054791164544,0.0464466145602157,-3.81958698081816,"OTUD7B"
"226968_at",125.578188660164,647.270330354037,2.48839312849207,0.0138562392126615,0.0465893782025871,-3.82060937385351,"KIF1B"
"209193_at",28.0782572065573,146.740144701863,2.48815534045579,0.0138651538146346,0.0466136189396264,-3.82078853394184,"PIM1"
"211462_s_at",10.9450583980492,27.4304636409938,2.48805857601193,0.0138687829475173,0.0466197970372519,-3.82086143629507,"TBL1Y"
"204273_at",125.213106172951,318.052417012422,2.48804132324297,0.0138694300984002,0.0466197970372519,-3.82087443427461,"EDNRB"
"225078_at",54.6278370739344,157.13013702236,2.48792742429576,0.0138737031200777,0.0466308918725178,-3.82096024207015,"EMP2"
"214623_at",18.0741828089508,59.3415969795031,2.48790202309266,0.0138746562290955,0.0466312287512784,-3.82097937804945,"FBXW4P1"
"224736_at",432.157406411475,2051.51925801242,2.48746295613735,0.0138911402114142,0.0466837599765858,-3.82131012185061,"CCAR1"
"1558747_at",76.0193941622952,257.888046145342,2.48720430477455,0.0139008589803512,0.0467078087973635,-3.82150493688925,"SMCHD1"
"1558407_at",38.9567903201638,145.544179583851,2.48511064086524,0.0139797512467767,0.046926749718659,-3.8230812230462,"PLEKHG2"
"243792_x_at",40.4521882740163,147.424822719876,2.48408956035554,0.0140183715592373,0.0470178375312904,-3.8238495571217,"PTPN13"
"244615_x_at",29.5407977996722,99.5825971950311,2.4840853445118,0.0140185312118781,0.0470178375312904,-3.82385272885187,"TARS3"
"1553412_at",75.3851666588525,269.513758712422,2.48332685126857,0.01404728148344,0.0471013807866479,-3.8244232938442,"AGBL4"
"212593_s_at",229.989213611475,1243.24522192547,2.4825363389425,0.0140773013116557,0.0471846768768255,-3.82501778249744,"PDCD4"
"207672_at",20.1634567840328,46.4025721832298,2.48243864436686,0.0140810152433663,0.0471942321112642,-3.82509124021266,"RFX4"
"204482_at",149.635246844918,435.035644403727,2.48205745301507,0.0140955148637389,0.0472355792671247,-3.82537783834579,"CLDN5"
"221541_at",60.7597574283607,179.082476670807,2.48204618937168,0.0140959435084116,0.0472355792671247,-3.82538630631312,"CRISPLD2"
"227372_s_at",10.5037437356869,22.5304641993168,2.48137834011332,0.0141213796747178,0.0472965197823993,-3.82588833293345,"BAIAP2L1"
"204560_at",13.0786037654754,25.1818396645963,2.48083450906067,0.0141421225912221,0.0473467976654871,-3.82629704694829,"FKBP5"
"235714_at",13.6447454727869,50.1620145552795,2.47905847423524,0.0142100536460016,0.0475363854071914,-3.82763127265467,"GANC"
"221302_at",10.5420068827377,21.3240728062112,2.47828037419907,0.0142399064114222,0.0476100338191469,-3.82821554791667,"KLF15"
"229218_at",80.4222451060164,87.8363248757764,2.47779543389383,0.0142585399813521,0.0476548489198865,-3.82857960835688,"COL1A2"
"243934_at",18.4531733385246,58.5178264583851,2.47771046120209,0.0142618072459373,0.047658856659372,-3.82864339369629,"CIMAP1B"
"206097_at",17.9719749904918,62.2125477149068,2.47760659295585,0.0142658019644928,0.0476674645485939,-3.8287213605139,"SLC67A1-AS"
"229638_at",17.851261972918,42.7046487509317,2.4772343916388,0.0142801248164645,0.0477094912520745,-3.82900072319626,"IRX3"
"44822_s_at",50.1200786518033,218.574242142857,2.47716952885721,0.014282622141086,0.0477149190739261,-3.82904940341509,"MIER2"
"201260_s_at",104.165691418033,382.408030298137,2.47681611605858,0.0142962359529738,0.0477487294275409,-3.82931462393973,"SYPL1"
"237954_x_at",27.3687207852459,86.2347438714286,2.47637636954328,0.014313191557674,0.0477936819601701,-3.82964458781192,"ARHGEF40"
"1554448_at",27.4748073673771,99.6553429863354,2.47619054389001,0.0143203619437205,0.0478099039128862,-3.82978400670633,"JPX"
"232864_s_at",11.9358312782951,34.6696974378882,2.47559657989316,0.0143433024681325,0.0478766826889589,-3.83022957699064,"AFF4"
"220352_x_at",76.7540695878688,409.963614819876,2.4739868077935,0.014405640887519,0.0480612896952098,-3.83143669919315,"FLJ42627"
"1569660_at",15.8389420960492,33.9082765565217,2.4738640181853,0.0144104058005004,0.0480742532883251,-3.83152874739823,"PLD1"
"244128_x_at",50.5687918540984,216.009254732919,2.47328628255219,0.0144328439606645,0.0481346360522696,-3.83196178839924,"GLIS1"
"1560348_at",14.0008617846557,41.0432427832298,2.4732846449166,0.0144329076075155,0.0481346360522696,-3.83196301576101,"ARHGEF28"
"240289_at",19.1315629592295,54.2905041335404,2.47296953030699,0.0144451592148882,0.048166474527868,-3.83219917204507,"PDLIM3"
"220765_s_at",35.6745078644262,144.334803484472,2.47218747466864,0.0144756054246437,0.0482417241614284,-3.83278515400264,"LIMS2"
"1554489_a_at",15.8019043886557,53.5781611857143,2.47196159527656,0.0144844097606182,0.0482622404571761,-3.83295437165686,"CEP70"
"1558345_a_at",54.9793406563934,223.792635776398,2.47063428126336,0.0145362422193473,0.0483966047584225,-3.83394845597456,"ZNF487"
"226054_at",103.778453604754,462.747663720497,2.46997995117946,0.014561854923269,0.0484623104275492,-3.83443834067841,"BRD4"
"205766_at",16.7453569583934,44.5036513149068,2.46993224011424,0.0145637240666265,0.0484644925954231,-3.83447405661475,"TCAP"
"243514_at",14.044766264541,39.8736907596273,2.46783176608107,0.0146462247898384,0.0486853725578138,-3.83604584743351,"WDFY2"
"224694_at",107.853288314754,357.388956956522,2.46776833615683,0.0146487225947536,0.0486853725578138,-3.83609329400461,"ANTXR1"
"32094_at",30.5205682726229,130.64261226087,2.46757353187963,0.0146563961557752,0.0487017418145746,-3.83623900395698,"CHST3"
"202948_at",80.8466127321312,148.52086833913,2.46747282587748,0.0146603644814545,0.048709007536675,-3.83631432620907,"IL1R1"
"226189_at",215.118620463934,676.355123113665,2.46664483239865,0.0146930278708539,0.0487997387218405,-3.8369335152096,"ITGB8"
"225172_at",42.5128401262296,254.469838335404,2.46578398047514,0.0147270561259367,0.0489008741458515,-3.83757708326367,"CRAMP1"
"1560878_at",53.4978554640164,194.131488195652,2.46491334266531,0.0147615424966492,0.048985635834201,-3.83822776693154,"SYT15"
"202728_s_at",19.9270094625902,58.0484483863354,2.46444557445459,0.014780100666034,0.0490323405081858,-3.83857727704258,"LTBP1"
"239576_at",61.1951745370492,205.719242801242,2.46441232732839,0.0147814204974411,0.049033743823419,-3.83860211663456,"MTUS1"
"202869_at",18.2369691532131,49.5062881658385,2.4636782415222,0.0148105886739089,0.0491156023379613,-3.83915049195349,"OAS1"
"213942_at",12.1349223121311,28.0899059552795,2.46299060239283,0.0148379577668188,0.0491675964182315,-3.83966404085365,"MEGF6"
"1554453_at",8.68083220672132,20.2185384896894,2.46200367271659,0.0148773176983184,0.0492681614267451,-3.8404008889905,"HNRNPLL"
"243481_at",18.4975941277541,61.8854411844721,2.46177417731325,0.0148864835448056,0.0492955295143992,-3.8405721946505,"RHOJ"
"216442_x_at",144.004587411475,372.375291101242,2.46111080606195,0.0149130062610887,0.0493527889127734,-3.84106728596393,"FN1"
"242060_x_at",24.3441492760984,84.5370651583851,2.4596911909418,0.0149699061369995,0.0495147984295491,-3.84212638872376,"PHF11"
"207547_s_at",1290.80296132459,3762.19313824224,2.45903997656769,0.0149960721189778,0.0495833480349003,-3.84261204738989,"FAM107A"
"227798_at",177.451535052459,641.950743900621,2.45784543170621,0.0150441750110403,0.0497235535697109,-3.8435026145162,"SMAD1"
"232436_at",29.3243718188525,115.763585270807,2.4572497287863,0.0150682144805529,0.0497737208025754,-3.84394658611804,"ZNF274"
"206101_at",40.7128495658197,77.2893170515528,2.4570726346803,0.0150753676594208,0.0497917359004824,-3.84407855443063,"ECM2"
"225649_s_at",1022.71289688525,3652.52533690683,2.45666501990572,0.0150918434932543,0.0498397283760376,-3.84438227215622,"STK35"
"211875_x_at",10.7900605758361,23.1152902689441,2.45648115268116,0.0150992806641651,0.049852244584132,-3.84451925894205,"PCDHGA10"
"1557350_at",17.4773801686885,53.7308368540373,2.4562493630232,0.015108660872667,0.0498687622990665,-3.84469193660949,"G3BP1"
"216711_s_at",15.2912045003279,47.6145496664596,2.45624483832215,0.0151088440326298,0.0498687622990665,-3.84469530725964,"TAF1"
"231106_at",67.1752291596724,283.82245,2.45583311736622,0.0151255187666618,0.0499147596914073,-3.84500199362937,"BMS1P2"
"216828_at",9.124743730459,25.6541419372671,2.4553494913487,0.015145126554518,0.0499704178606163,-3.84536218366676,"MLLT10P1"
"202189_x_at",51.7335452049179,256.336604068323,2.45523934746405,0.0151495953071563,0.0499819137481324,-3.84544420680003,"PTBP1"
